"Air Quality Statistics by County, 2010",,,,,,,,,,,,,
State/County ,,2010 Population,CO          8-hr   (ppm),Pb      RQmax (µg/m3),NO2          AM   (ppb),NO2  1-hr (ppb),O3           8-hr   (ppb),PM10           24-hr (µg/m3),PM2.5     Wtd AM  (µg/m3),PM2.5        24-hr  (µg/m3),SO2       AM   (ppb),SO2             24-hr  (ppb),SO2     1-hr (ppb)
Alabama,Baldwin County,182265,ND,ND,ND,ND,0.074,ND,10.2,20,ND,ND,ND
Alabama,Clay County,13932,ND,ND,ND,ND,ND,ND,10.5,22,ND,ND,ND
Alabama,Colbert County,54428,ND,ND,ND,ND,0.068,ND,10.5,19,ND,ND,ND
Alabama,DeKalb County,71109,ND,ND,ND,ND,ND,ND,IN,IN,ND,ND,ND
Alabama,Elmore County,79303,ND,ND,ND,ND,0.073,ND,ND,ND,ND,ND,ND
Alabama,Escambia County,38319,ND,ND,ND,ND,ND,ND,IN,IN,ND,ND,ND
Alabama,Etowah County,104430,ND,ND,ND,ND,0.065,ND,11.8,24,ND,ND,ND
Alabama,Houston County,101547,ND,ND,ND,ND,0.067,ND,IN,IN,ND,ND,ND
Alabama,Jefferson County,658466,2,ND,ND,ND,0.077,128,13.8,29,1.697,6.8,33
Alabama,Madison County,334811,ND,ND,ND,ND,0.071,37,11.6,20,ND,ND,ND
Alabama,Mobile County,412992,ND,ND,ND,ND,0.077,72,9.8,18,ND,ND,ND
Alabama,Montgomery County,229363,ND,ND,ND,ND,0.072,61,10.8,21,ND,ND,ND
Alabama,Morgan County,119490,ND,ND,ND,ND,0.07,ND,11.2,19,ND,ND,ND
Alabama,Pike County,32899,ND,0.89,ND,ND,ND,ND,ND,ND,ND,ND,ND
Alabama,Russell County,52947,ND,ND,ND,ND,0.069,ND,13.1,26,ND,ND,ND
Alabama,Shelby County,195085,ND,ND,ND,ND,0.074,ND,IN,IN,ND,ND,ND
Alabama,Sumter County,13763,ND,ND,ND,ND,0.067,ND,IN,IN,ND,ND,ND
Alabama,Talladega County,82291,ND,ND,ND,ND,ND,ND,11.7,21,ND,ND,ND
Alabama,Tuscaloosa County,194656,ND,ND,ND,ND,0.06,ND,11,22,ND,ND,ND
Alabama,Walker County,67023,ND,ND,ND,ND,ND,ND,11.3,19,ND,ND,ND
Alaska,Anchorage Municipality,291826,6,ND,ND,ND,0.045,98,5.5,20,ND,ND,ND
Alaska,Denali Borough,1826,ND,ND,ND,ND,0.052,ND,IN,IN,ND,ND,ND
Alaska,Fairbanks North Star Borough,97581,IN,ND,ND,ND,ND,ND,13,52,ND,ND,ND
Alaska,Juneau City and Borough,31275,ND,ND,ND,ND,ND,27,7,19,ND,ND,ND
Alaska,Ketchikan Gateway Borough,13477,ND,ND,ND,ND,ND,ND,IN,IN,ND,ND,ND
Alaska,Matanuska-Susitna Borough,88995,ND,ND,ND,ND,ND,45,IN,38,ND,ND,ND
Alaska,Northwest Arctic Borough,7523,ND,IN,ND,ND,ND,ND,ND,ND,ND,ND,ND
Arizona,Apache County,71518,ND,ND,ND,ND,ND,40,ND,ND,ND,ND,ND
Arizona,Cochise County,131346,ND,ND,ND,ND,0.071,83,6.8,14,ND,ND,ND
Arizona,Coconino County,134421,ND,ND,ND,ND,0.069,106,5.1,10,ND,ND,ND
Arizona,Gila County,53597,ND,ND,ND,ND,0.07,88,IN,IN,9.712,44.1,314
Arizona,La Paz County,20489,ND,ND,ND,ND,0.071,ND,ND,ND,ND,ND,ND
Arizona,Maricopa County,3817117,3,IN,24.524,68,0.079,135,9.2,24,1.742,5.3,10
Arizona,Mohave County,200186,ND,ND,ND,ND,ND,33,IN,IN,ND,ND,ND
Arizona,Navajo County,107449,ND,ND,ND,ND,0.068,33,ND,ND,ND,ND,ND
Arizona,Pima County,980263,1,ND,11.598,46.2,0.069,186,5.2,12,0.532,1.4,10
Arizona,Pinal County,375770,ND,ND,ND,ND,0.073,226,12.4,27,ND,ND,ND
Arizona,Santa Cruz County,47420,ND,ND,ND,ND,ND,177,10.3,32,ND,ND,ND
Arizona,Yavapai County,211033,ND,ND,ND,ND,0.067,31,3.9,7,ND,ND,ND
Arizona,Yuma County,195751,ND,ND,ND,ND,0.076,113,7.4,14,ND,ND,ND
Arkansas,Arkansas County,19019,ND,ND,ND,ND,ND,ND,11.4,23,ND,ND,ND
Arkansas,Ashley County,21853,ND,ND,ND,ND,ND,ND,11.1,20,ND,ND,ND
Arkansas,Craighead County,96443,ND,ND,ND,ND,ND,ND,IN,IN,ND,ND,ND
Arkansas,Crittenden County,50902,ND,ND,10.282,51,0.078,ND,11.8,23,ND,ND,ND
Arkansas,Faulkner County,113237,ND,ND,ND,ND,ND,ND,11,19,ND,ND,ND
Arkansas,Garland County,96024,ND,ND,ND,ND,ND,ND,11,21,ND,ND,ND
Arkansas,Jackson County,17997,ND,ND,ND,ND,ND,ND,11,23,ND,ND,ND
Arkansas,Jefferson County,77435,ND,ND,ND,ND,ND,ND,IN,IN,ND,ND,ND
Arkansas,Marion County,16653,ND,ND,ND,ND,ND,ND,IN,IN,ND,ND,ND
Arkansas,Miller County,43462,ND,ND,ND,ND,ND,ND,IN,IN,ND,ND,ND
Arkansas,Mississippi County,46480,ND,ND,ND,ND,ND,ND,IN,IN,ND,ND,ND
Arkansas,Newton County,8330,ND,ND,ND,ND,0.07,ND,ND,ND,ND,ND,ND
Arkansas,Phillips County,21757,ND,ND,ND,ND,ND,ND,11.5,21,ND,ND,ND
Arkansas,Polk County,20662,ND,ND,ND,ND,0.073,ND,11,22,ND,ND,ND
Arkansas,Pope County,61754,ND,ND,ND,ND,ND,ND,11.3,22,ND,ND,ND
Arkansas,Pulaski County,382748,2,ND,9.982,51,0.073,38,12.6,23,1.698,3.7,9
Arkansas,Sebastian County,125744,ND,ND,ND,ND,ND,ND,IN,IN,ND,ND,ND
Arkansas,Union County,41639,ND,ND,ND,ND,ND,ND,11.6,21,2.022,4.4,26
Arkansas,Van Buren County,17295,ND,ND,ND,ND,0.058,ND,ND,ND,ND,ND,ND
Arkansas,Washington County,203065,ND,ND,ND,ND,0.067,ND,11.1,23,ND,ND,ND
Arkansas,White County,77076,ND,ND,ND,ND,ND,ND,11.6,21,ND,ND,ND
California,Alameda County,1510271,2,ND,15.598,54,0.074,40,7.8,27,0.951,3.4,9.6
California,Amador County,38091,ND,ND,ND,ND,0.075,ND,ND,ND,ND,ND,ND
California,Butte County,220000,2,ND,7.214,32,0.076,32,8,29,ND,ND,ND
California,Calaveras County,45578,ND,ND,ND,ND,0.079,23,IN,IN,ND,ND,ND
California,Colusa County,21419,ND,ND,ND,ND,0.06,48,IN,IN,ND,ND,ND
California,Contra Costa County,1049025,1,ND,8.323,31.6,0.078,45,7.1,27,1.188,5.7,15.3
California,Del Norte County,28610,ND,ND,ND,ND,ND,35,ND,ND,ND,ND,ND
California,El Dorado County,181058,ND,ND,ND,ND,0.081,ND,IN,IN,ND,ND,ND
California,Fresno County,930450,2,ND,12.633,54,0.103,67,14.7,49,0.749,2.9,7
California,Glenn County,28122,ND,ND,ND,ND,0.061,40,ND,ND,ND,ND,ND
California,Humboldt County,134623,1,ND,2.651,19.1,0.045,61,5.6,18,1.303,3,3
California,Imperial County,174528,6,0.02,13.828,56,0.078,89,12.8,32,0.485,3.2,7
California,Inyo County,18546,ND,ND,ND,ND,0.069,2519,7.5,29,ND,ND,ND
California,Kern County,839631,IN,ND,14.425,63,0.1,88,17.6,62,ND,ND,ND
California,Kings County,152982,ND,ND,IN,IN,0.103,120,19.5,49,ND,ND,ND
California,Lake County,64665,ND,ND,ND,ND,0.056,ND,3.1,6,ND,ND,ND
California,Los Angeles County,9818605,4,0.39,26.179,72.5,0.09,71,12.6,32,1.394,4.8,16.2
California,Madera County,150865,ND,ND,7.796,34,0.09,ND,IN,51,ND,ND,ND
California,Marin County,252409,1,ND,11.697,42,0.053,31,IN,IN,ND,ND,ND
California,Mariposa County,18251,ND,ND,ND,ND,0.077,58,ND,ND,ND,ND,ND
California,Mendocino County,87841,ND,ND,ND,ND,0.047,57,7.7,18,ND,ND,ND
California,Merced County,255793,ND,ND,6.843,38,0.09,53,16.3,40,ND,ND,ND
California,Modoc County,9686,ND,ND,ND,ND,ND,ND,IN,IN,ND,ND,ND
California,Mono County,14202,ND,ND,ND,ND,ND,3096,IN,IN,ND,ND,ND
California,Monterey County,415057,1,ND,6.072,31,0.064,51,4.5,10,ND,ND,ND
California,Napa County,136484,1,ND,8.508,34,0.067,34,ND,ND,ND,ND,ND
California,Nevada County,98764,ND,ND,3.524,20.3,0.079,ND,4.7,10,ND,ND,ND
California,Orange County,3010232,2,ND,17.467,56,0.071,53,10.2,25,0.578,2.1,5.5
California,Placer County,348432,ND,ND,9.967,54,0.085,33,6.6,20,ND,ND,ND
California,Plumas County,20007,ND,ND,ND,ND,ND,ND,9.7,36,ND,ND,ND
California,Riverside County,2189641,2,0.01,17.182,53.2,0.099,312,15.2,36,1.28,3.5,10.2
California,Sacramento County,1418788,2,ND,12.494,52,0.096,54,8.7,27,0.462,1.9,1
California,San Benito County,55269,ND,ND,ND,ND,0.071,30,5.7,13,ND,ND,ND
California,San Bernardino County,2035210,4,0.01,23.087,65,0.109,82,13,31,1.229,6.7,11
California,San Diego County,3095313,2,ND,20.975,74,0.081,101,13.3,114,1.765,7.1,18
California,San Francisco County,805235,1,ND,13.382,76.6,0.046,36,10.5,24,ND,ND,ND
California,San Joaquin County,685306,1,ND,13.824,49,0.075,49,IN,44,ND,ND,ND
California,San Luis Obispo County,269637,ND,ND,5.569,36,0.083,133,8.2,22,0.29,1.3,4
California,San Mateo County,718451,2,ND,11.791,45,0.056,ND,8.3,33,ND,ND,ND
California,Santa Barbara County,423895,1,ND,8.593,43,0.075,51,IN,IN,1.16,2.7,5
California,Santa Clara County,1781642,2,ND,14.394,50.7,0.08,37,8.8,29,0.352,1.6,4.1
California,Santa Cruz County,262382,1,ND,1.803,IN,0.054,30,6.5,13,ND,ND,ND
California,Shasta County,177223,ND,ND,ND,ND,0.074,29,4.6,10,ND,ND,ND
California,Siskiyou County,44900,ND,ND,ND,ND,0.059,19,IN,IN,ND,ND,ND
California,Solano County,413344,2,ND,9.299,39,0.07,32,7.7,23,0.566,2.2,6.9
California,Sonoma County,483878,1,ND,8.198,35,0.054,30,7.2,22,ND,ND,ND
California,Stanislaus County,514453,2,ND,10.119,39,0.087,68,12,44,ND,ND,ND
California,Sutter County,94737,ND,ND,7.503,45,0.068,38,5.9,17,ND,ND,ND
California,Tehama County,63463,ND,ND,ND,ND,0.077,38,IN,IN,ND,ND,ND
California,Trinity County,13786,ND,ND,ND,ND,ND,32,ND,ND,ND,ND,ND
California,Tulare County,442179,ND,ND,12.512,56,0.096,71,13.6,36,ND,ND,ND
California,Tuolumne County,55365,ND,ND,ND,ND,0.072,ND,ND,ND,ND,ND,ND
California,Ventura County,823318,ND,ND,10.096,41,0.082,45,8.7,21,ND,ND,ND
California,Yolo County,200849,ND,ND,6.416,IN,0.069,49,IN,IN,ND,ND,ND
Colorado,Adams County,441603,2,ND,16.009,IN,0.063,68,8.6,22,0.992,8.5,37
Colorado,Alamosa County,15445,ND,ND,ND,ND,ND,260,ND,ND,ND,ND,ND
Colorado,Arapahoe County,572003,ND,IN,ND,ND,0.075,ND,6.5,15,ND,ND,ND
Colorado,Archuleta County,12084,ND,ND,ND,ND,ND,200,IN,IN,ND,ND,ND
Colorado,Boulder County,294567,2,ND,ND,ND,0.072,36,7.1,23,ND,ND,ND
Colorado,Delta County,30952,ND,ND,ND,ND,ND,115,IN,IN,ND,ND,ND
Colorado,Denver County,600158,2,0.01,27.704,71,0.069,62,7.8,19,1.644,8.8,32
Colorado,Douglas County,285465,ND,ND,ND,ND,0.079,ND,5.8,13,ND,ND,ND
Colorado,Elbert County,23086,ND,ND,ND,ND,ND,ND,4.3,9,ND,ND,ND
Colorado,El Paso County,622263,2,ND,ND,ND,0.072,38,6.2,12,ND,ND,ND
Colorado,Fremont County,46824,ND,ND,ND,ND,ND,29,ND,ND,ND,ND,ND
Colorado,Garfield County,56389,ND,ND,ND,ND,0.066,55,ND,ND,ND,ND,ND
Colorado,Gunnison County,15324,ND,ND,ND,ND,ND,123,IN,IN,ND,ND,ND
Colorado,Jefferson County,534543,ND,ND,ND,ND,0.076,ND,ND,ND,ND,ND,ND
Colorado,La Plata County,51334,1,ND,6.325,39,0.074,226,4.1,8,ND,ND,ND
Colorado,Larimer County,299630,2,ND,ND,ND,0.077,43,6.5,22,ND,ND,ND
Colorado,Mesa County,146723,1,ND,ND,ND,0.068,131,9,37,ND,ND,ND
Colorado,Montezuma County,25535,ND,ND,ND,ND,0.066,ND,6,13,ND,ND,ND
Colorado,Pitkin County,17148,ND,ND,ND,ND,0.063,45,ND,ND,ND,ND,ND
Colorado,Prowers County,12551,ND,ND,ND,ND,ND,131,ND,ND,ND,ND,ND
Colorado,Pueblo County,159063,ND,ND,ND,ND,ND,55,6.2,14,ND,ND,ND
Colorado,Rio Blanco County,6666,ND,ND,0.963,IN,0.066,ND,IN,IN,ND,ND,ND
Colorado,Routt County,23509,ND,ND,ND,ND,ND,90,IN,IN,ND,ND,ND
Colorado,San Miguel County,7359,ND,ND,ND,ND,ND,133,IN,IN,ND,ND,ND
Colorado,Summit County,27994,ND,ND,ND,ND,ND,52,ND,ND,ND,ND,ND
Colorado,Weld County,252825,2,ND,ND,ND,0.073,43,7.6,20,ND,ND,ND
Connecticut,Fairfield County,916829,2,ND,10.132,50,0.084,40,9.1,26,1.529,10.4,17.8
Connecticut,Hartford County,894014,2,ND,9.609,44,0.076,24,8.5,24,0.996,6,9.9
Connecticut,Litchfield County,189927,1,ND,IN,IN,0.072,IN,6,19,IN,IN,IN
Connecticut,Middlesex County,165676,ND,ND,ND,ND,0.081,ND,ND,ND,ND,ND,ND
Connecticut,New Haven County,862477,2,ND,13.564,57,0.079,55,9.2,26,1.48,11.7,39.5
Connecticut,New London County,274055,ND,ND,ND,ND,0.075,ND,7.8,21,ND,ND,ND
Connecticut,Tolland County,152691,ND,ND,ND,ND,0.079,ND,ND,ND,ND,ND,ND
Delaware,Kent County,162310,ND,ND,ND,ND,0.077,ND,9.7,25,ND,ND,ND
Delaware,New Castle County,538479,1,ND,12.933,50,0.08,ND,10.6,28,2.172,14.2,31.6
Delaware,Sussex County,197145,ND,ND,ND,ND,0.084,ND,9.9,27,ND,ND,ND
District of Columbia,District of Columbia,601723,3,ND,17.595,59,0.086,85,11.1,29,3.372,10.5,21
Florida,Alachua County,247336,ND,ND,ND,ND,0.069,ND,7.8,16,ND,ND,ND
Florida,Baker County,27115,ND,ND,ND,ND,0.065,ND,ND,ND,ND,ND,ND
Florida,Bay County,168852,ND,ND,ND,ND,0.072,ND,IN,IN,ND,ND,ND
Florida,Brevard County,543376,ND,ND,ND,ND,0.064,51,IN,IN,0.175,3.3,7
Florida,Broward County,1748066,2,ND,7.118,49,0.062,32,7,14,0.389,5.9,38
Florida,Citrus County,141236,ND,ND,ND,ND,ND,ND,7.6,16,ND,ND,ND
Florida,Collier County,321520,ND,ND,ND,ND,0.059,ND,ND,ND,ND,ND,ND
Florida,Columbia County,67531,ND,ND,ND,ND,0.068,ND,ND,ND,ND,ND,ND
Florida,Duval County,864263,2,ND,9.324,44,0.068,62,9.4,20,0.948,5,22
Florida,Escambia County,297619,ND,ND,IN,IN,0.074,ND,9.1,18,1.544,12.9,45
Florida,Hamilton County,14799,ND,ND,ND,ND,ND,ND,ND,ND,0.499,3.8,21
Florida,Highlands County,98786,ND,ND,ND,ND,0.066,ND,ND,ND,ND,ND,ND
Florida,Hillsborough County,1229226,1,0.73,6.079,IN,0.072,62,8.1,15,2.852,28.7,104
Florida,Holmes County,19927,ND,ND,ND,ND,0.065,ND,ND,ND,ND,ND,ND
Florida,Lake County,297052,ND,ND,ND,ND,0.066,ND,ND,ND,ND,ND,ND
Florida,Lee County,618754,ND,ND,ND,ND,0.065,67,7,13,ND,ND,ND
Florida,Leon County,275487,ND,ND,ND,ND,0.065,ND,9.7,23,ND,ND,ND
Florida,Manatee County,322833,ND,ND,ND,ND,0.068,ND,IN,IN,ND,ND,ND
Florida,Marion County,331298,ND,ND,ND,ND,0.068,ND,IN,IN,ND,ND,ND
Florida,Martin County,146318,ND,ND,ND,ND,0.059,ND,ND,ND,ND,ND,ND
Florida,Miami-Dade County,2496435,1,ND,9.651,47,0.069,44,7.8,13,0.002,0.1,1
Florida,Nassau County,73314,ND,ND,ND,ND,ND,ND,ND,ND,3.949,58.4,216
Florida,Okaloosa County,180822,ND,ND,ND,ND,0.069,ND,ND,ND,ND,ND,ND
Florida,Orange County,1145956,1,ND,5.627,40,0.071,35,7.5,14,0.157,2.2,7
Florida,Osceola County,268685,ND,ND,ND,ND,0.067,ND,ND,ND,ND,ND,ND
Florida,Palm Beach County,1320134,ND,ND,5.378,46,0.066,35,6.4,12,0.831,3.5,8
Florida,Pasco County,464697,ND,ND,ND,ND,0.067,ND,ND,ND,ND,ND,ND
Florida,Pinellas County,916542,1,ND,5.68,38,0.067,41,8.1,16,0.682,6.3,34
Florida,Polk County,602095,ND,ND,ND,ND,0.068,51,7.7,15,ND,ND,ND
Florida,Putnam County,74364,ND,ND,ND,ND,ND,58,ND,ND,0.678,4.9,33
Florida,St. Lucie County,277789,ND,ND,ND,ND,0.061,ND,7.6,14,ND,ND,ND
Florida,Santa Rosa County,151372,ND,ND,ND,ND,0.074,ND,IN,IN,ND,ND,ND
Florida,Sarasota County,379448,ND,ND,3.986,IN,0.07,59,7.1,14,ND,ND,ND
Florida,Seminole County,422718,ND,ND,ND,ND,0.067,46,7.6,14,ND,ND,ND
Florida,Volusia County,494593,ND,ND,ND,ND,0.066,45,7.5,17,ND,ND,ND
Florida,Wakulla County,30776,ND,ND,ND,ND,0.068,ND,ND,ND,ND,ND,ND
Georgia,Bartow County,100157,ND,0.02,ND,ND,ND,ND,ND,ND,ND,ND,ND
Georgia,Bibb County,155547,ND,ND,ND,ND,0.071,50,13.7,28,1.458,5.9,23
Georgia,Chatham County,265128,ND,ND,ND,ND,0.065,33,10.5,24,3.42,33.2,83
Georgia,Chattooga County,26015,ND,ND,ND,ND,0.067,37,ND,ND,ND,ND,ND
Georgia,Clarke County,116714,ND,ND,ND,ND,0.073,ND,11.3,23,ND,ND,ND
Georgia,Clayton County,259424,ND,ND,ND,ND,ND,ND,13.4,25,ND,ND,ND
Georgia,Cobb County,688078,ND,ND,ND,ND,0.079,ND,12.2,23,ND,ND,ND
Georgia,Columbia County,124053,ND,ND,ND,ND,0.068,ND,ND,ND,ND,ND,ND
Georgia,Coweta County,127317,ND,ND,ND,ND,0.065,ND,ND,ND,ND,ND,ND
Georgia,Dawson County,22330,ND,ND,ND,ND,0.073,ND,ND,ND,ND,ND,ND
Georgia,DeKalb County,691893,2,IN,13.657,58,0.075,51,12.3,24,IN,IN,IN
Georgia,Dougherty County,94565,ND,ND,ND,ND,ND,50,IN,IN,ND,ND,ND
Georgia,Douglas County,132403,ND,ND,ND,ND,0.074,ND,ND,ND,ND,ND,ND
Georgia,Floyd County,96317,ND,ND,ND,ND,ND,47,IN,IN,1.551,10.5,49
Georgia,Fulton County,920581,1,ND,ND,ND,0.08,48,14.5,24,1.908,10,33
Georgia,Glynn County,79626,ND,ND,ND,ND,0.066,37,IN,IN,1.101,2.4,7
Georgia,Gwinnett County,805321,ND,ND,ND,ND,0.072,ND,12.3,22,ND,ND,ND
Georgia,Hall County,179684,ND,ND,ND,ND,ND,ND,11.4,23,ND,ND,ND
Georgia,Henry County,203922,ND,ND,ND,ND,0.078,ND,ND,ND,ND,ND,ND
Georgia,Houston County,139900,ND,ND,ND,ND,ND,ND,12,26,ND,ND,ND
Georgia,Lowndes County,109233,ND,ND,ND,ND,ND,ND,IN,IN,ND,ND,ND
Georgia,Murray County,39628,ND,ND,ND,ND,0.073,ND,ND,ND,ND,ND,ND
Georgia,Muscogee County,189885,ND,0.07,ND,ND,0.068,38,15,30,1.193,3.4,13
Georgia,Paulding County,142324,1,ND,2.638,18,0.071,ND,11.2,21,ND,ND,ND
Georgia,Richmond County,200549,ND,ND,ND,ND,0.072,42,13.4,27,ND,ND,ND
Georgia,Rockdale County,85215,ND,ND,3.999,24,0.076,ND,ND,ND,ND,ND,ND
Georgia,Sumter County,32819,ND,ND,ND,ND,0.069,ND,ND,ND,ND,ND,ND
Georgia,Walker County,68756,ND,ND,ND,ND,ND,ND,8.9,20,ND,ND,ND
Georgia,Washington County,21187,ND,ND,ND,ND,ND,42,IN,IN,ND,ND,ND
Georgia,Wilkinson County,9563,ND,ND,ND,ND,ND,ND,13.7,23,ND,ND,ND
Hawaii,Hawaii County,185079,ND,ND,ND,ND,ND,ND,18.2,35,ND,ND,ND
Hawaii,Honolulu County,953207,1,0,3.411,24,0.047,70,4.7,12,1.272,4,18
Hawaii,Maui County,154834,ND,ND,ND,ND,ND,ND,4.8,14,ND,ND,ND
Idaho,Ada County,392365,2,ND,9.51,45,0.069,55,5,12,0.366,1.1,IN
Idaho,Bannock County,82839,ND,ND,ND,ND,ND,80,IN,IN,3.492,17.7,IN
Idaho,Benewah County,9285,ND,ND,ND,ND,ND,ND,9.2,27,ND,ND,ND
Idaho,Boise County,7028,ND,ND,ND,ND,ND,ND,IN,IN,ND,ND,ND
Idaho,Bonner County,40877,ND,ND,ND,ND,ND,56,IN,IN,ND,ND,ND
Idaho,Bonneville County,104234,ND,ND,ND,ND,ND,ND,IN,IN,ND,ND,ND
Idaho,Boundary County,10972,ND,ND,ND,ND,ND,ND,IN,IN,ND,ND,ND
Idaho,Butte County,2891,ND,ND,ND,ND,0.062,ND,ND,ND,ND,ND,ND
Idaho,Canyon County,188923,ND,ND,ND,ND,ND,66,5.9,15,ND,ND,ND
Idaho,Caribou County,6963,ND,ND,ND,ND,ND,ND,IN,IN,2.54,23.7,75.7
Idaho,Cassia County,22952,ND,ND,ND,ND,0.061,ND,ND,ND,ND,ND,ND
Idaho,Franklin County,12786,ND,ND,ND,ND,ND,ND,IN,70,ND,ND,ND
Idaho,Gem County,16719,ND,ND,ND,ND,ND,ND,IN,IN,ND,ND,ND
Idaho,Idaho County,16267,ND,ND,ND,ND,ND,ND,IN,IN,ND,ND,ND
Idaho,Kootenai County,138494,ND,ND,IN,IN,0.056,ND,IN,IN,ND,ND,ND
Idaho,Latah County,37244,ND,ND,ND,ND,ND,ND,IN,IN,ND,ND,ND
Idaho,Lemhi County,7936,ND,ND,ND,ND,ND,ND,10.3,35,ND,ND,ND
Idaho,Nez Perce County,39265,ND,ND,ND,ND,ND,ND,IN,IN,ND,ND,ND
Idaho,Power County,7817,ND,ND,ND,ND,ND,IN,IN,IN,ND,ND,ND
Idaho,Shoshone County,12765,ND,ND,ND,ND,ND,106,12.2,36,ND,ND,ND
Idaho,Twin Falls County,77230,ND,ND,ND,ND,ND,ND,IN,IN,ND,ND,ND
Idaho,Valley County,9862,ND,ND,ND,ND,ND,ND,IN,IN,ND,ND,ND
Illinois,Adams County,67103,ND,ND,ND,ND,0.067,ND,10.5,23,ND,ND,ND
Illinois,Champaign County,201081,ND,ND,ND,ND,0.055,ND,10.5,21,ND,ND,ND
Illinois,Clark County,16335,ND,ND,ND,ND,0.066,ND,ND,ND,ND,ND,ND
Illinois,Cook County,5194675,2,0.24,24.869,71,0.077,65,14,35,4.138,20.6,90
Illinois,DuPage County,916924,ND,ND,ND,ND,0.064,ND,11.7,28,ND,ND,ND
Illinois,Effingham County,34242,ND,ND,ND,ND,0.072,ND,ND,ND,ND,ND,ND
Illinois,Hamilton County,8457,ND,ND,ND,ND,0.075,ND,11.3,25,ND,ND,ND
Illinois,Jackson County,60218,ND,ND,ND,ND,ND,IN,ND,ND,ND,ND,ND
Illinois,Jersey County,22985,ND,ND,ND,ND,0.072,ND,11.2,21,ND,ND,ND
Illinois,Kane County,515269,ND,ND,ND,ND,0.069,ND,11.4,32,ND,ND,ND
Illinois,Lake County,703462,ND,ND,ND,ND,0.078,ND,9.7,22,ND,ND,ND
Illinois,LaSalle County,113924,ND,ND,ND,ND,ND,68,ND,29,0.727,4.2,14
Illinois,McHenry County,308760,ND,ND,ND,ND,0.065,ND,10.2,29,ND,ND,ND
Illinois,McLean County,169572,ND,ND,ND,ND,0.066,ND,10.6,25,ND,ND,ND
Illinois,Macon County,110768,ND,0.12,ND,ND,0.069,ND,12.2,22,2.07,15.3,49
Illinois,Macoupin County,47765,ND,ND,ND,ND,0.071,32,IN,IN,0.875,4.2,15
Illinois,Madison County,269282,ND,0.42,ND,ND,0.08,79,14.6,29,2.422,14,57
Illinois,Peoria County,186494,2,0.02,ND,ND,0.069,47,11.5,26,1.426,15.9,IN
Illinois,Randolph County,33476,ND,ND,ND,ND,0.065,ND,10.2,17,1.217,6.8,31
Illinois,Rock Island County,147546,ND,ND,ND,ND,0.057,ND,IN,IN,ND,ND,ND
Illinois,St. Clair County,270056,2,0.03,11.547,43,0.072,62,13,24,1.594,5.9,31
Illinois,Sangamon County,197465,1,ND,ND,ND,0.069,ND,11.5,24,1,7,24
Illinois,Tazewell County,135394,ND,ND,ND,ND,ND,ND,ND,ND,3.894,61.3,228
Illinois,Wabash County,11947,ND,ND,ND,ND,ND,ND,ND,ND,3.043,16,66
Illinois,Whiteside County,58498,ND,0.02,ND,ND,ND,ND,ND,ND,ND,ND,ND
Illinois,Will County,677560,ND,ND,ND,ND,0.065,43,11.8,28,1.317,5.8,24
Illinois,Winnebago County,295266,1,0.06,ND,ND,0.063,ND,IN,IN,ND,ND,ND
Indiana,Allen County,355329,2,ND,ND,ND,0.068,ND,11.8,31,ND,ND,ND
Indiana,Boone County,56640,ND,ND,ND,ND,0.072,ND,ND,ND,ND,ND,ND
Indiana,Carroll County,20155,ND,ND,ND,ND,0.072,ND,ND,ND,ND,ND,ND
Indiana,Clark County,110232,ND,ND,ND,ND,0.077,40,14.7,29,ND,ND,ND
Indiana,Daviess County,31648,ND,ND,ND,ND,ND,ND,ND,ND,4.598,25.8,115
Indiana,Delaware County,117671,ND,0.26,ND,ND,0.067,ND,12.8,32,ND,ND,ND
Indiana,Dubois County,41889,ND,ND,ND,ND,ND,36,13.6,27,ND,ND,ND
Indiana,Elkhart County,197559,ND,ND,ND,ND,0.065,ND,11.9,32,ND,ND,ND
Indiana,Floyd County,74578,ND,ND,ND,ND,0.072,ND,13.1,28,3.636,20.6,122.5
Indiana,Fountain County,17240,ND,ND,ND,ND,ND,ND,ND,ND,2.273,8.5,26
Indiana,Gibson County,33503,ND,ND,ND,ND,ND,ND,12.2,26,3.817,20.7,74
Indiana,Greene County,33165,ND,ND,ND,ND,0.074,ND,ND,ND,ND,ND,ND
Indiana,Hamilton County,274569,ND,ND,ND,ND,0.071,ND,ND,ND,ND,ND,ND
Indiana,Hancock County,70002,ND,ND,ND,ND,0.071,ND,ND,ND,ND,ND,ND
Indiana,Hendricks County,145448,ND,ND,ND,ND,0.067,ND,ND,ND,ND,ND,ND
Indiana,Henry County,49462,ND,ND,ND,ND,ND,ND,IN,IN,ND,ND,ND
Indiana,Howard County,82752,ND,ND,ND,ND,ND,ND,12.5,30,ND,ND,ND
Indiana,Huntington County,37124,ND,ND,ND,ND,0.062,ND,ND,ND,ND,ND,ND
Indiana,Jackson County,42376,ND,ND,ND,ND,0.069,ND,ND,ND,ND,ND,ND
Indiana,Jasper County,33478,ND,ND,ND,ND,ND,ND,ND,ND,1.947,10,39
Indiana,Johnson County,139654,ND,ND,ND,ND,0.07,ND,ND,ND,ND,ND,ND
Indiana,Knox County,38440,ND,ND,ND,ND,ND,ND,12.3,28,ND,ND,ND
Indiana,Lake County,496005,2,0.13,14.671,52.8,0.069,69,13.3,34,2.463,23.5,57.2
Indiana,LaPorte County,111467,ND,ND,ND,ND,0.07,ND,10.7,29,2.354,10.6,30
Indiana,Madison County,131636,ND,ND,ND,ND,0.065,ND,IN,IN,ND,ND,ND
Indiana,Marion County,903393,3,0.08,12.683,53.5,0.072,83,14,37,3.347,23.3,103.4
Indiana,Monroe County,137974,ND,ND,ND,ND,ND,ND,IN,IN,ND,ND,ND
Indiana,Morgan County,68894,ND,ND,ND,ND,0.063,ND,ND,ND,2.977,28.8,105
Indiana,Perry County,19338,ND,ND,ND,ND,0.072,ND,ND,ND,ND,ND,ND
Indiana,Pike County,12845,ND,ND,ND,ND,ND,ND,ND,ND,7.501,36.5,IN
Indiana,Porter County,164343,ND,0.02,ND,ND,0.067,66,11.6,29,3.728,16.7,IN
Indiana,Posey County,25910,ND,ND,ND,ND,0.069,ND,ND,ND,ND,ND,ND
Indiana,St. Joseph County,266931,ND,ND,11.124,IN,0.061,ND,11.3,31,ND,ND,ND
Indiana,Shelby County,44436,ND,ND,ND,ND,0.067,ND,ND,ND,ND,ND,ND
Indiana,Spencer County,20952,ND,ND,ND,ND,ND,ND,13,27,ND,ND,ND
Indiana,Tippecanoe County,172780,ND,ND,ND,ND,ND,ND,12.1,27,ND,ND,ND
Indiana,Vanderburgh County,179703,4,0.01,11.142,41.2,0.071,37,13.5,30,1.613,7.2,18.8
Indiana,Vigo County,107848,ND,ND,ND,ND,0.063,44,13,30,4.493,42.7,169
Indiana,Warrick County,59689,ND,ND,ND,ND,0.071,ND,ND,ND,1.907,8.1,18
Indiana,Wayne County,68917,ND,ND,ND,ND,ND,ND,ND,ND,2.817,21.8,108.6
Indiana,Whitley County,33292,ND,ND,ND,ND,ND,IN,IN,IN,ND,ND,ND
Iowa,Black Hawk County,131090,ND,ND,ND,ND,ND,74,10.9,37,ND,ND,ND
Iowa,Bremer County,24276,ND,ND,ND,ND,0.063,ND,IN,IN,ND,ND,ND
Iowa,Cerro Gordo County,44151,ND,ND,ND,ND,ND,81,IN,IN,ND,ND,ND
Iowa,Clinton County,49116,ND,ND,ND,ND,0.064,ND,12.7,35,1.243,9.4,IN
Iowa,Delaware County,17764,ND,ND,ND,ND,ND,51,IN,IN,ND,ND,ND
Iowa,Emmet County,10302,ND,ND,ND,ND,ND,ND,IN,IN,ND,ND,ND
Iowa,Harrison County,14928,ND,ND,ND,ND,0.067,ND,ND,ND,ND,ND,ND
Iowa,Johnson County,130882,ND,ND,ND,ND,ND,53,11.5,33,ND,ND,ND
Iowa,Lee County,35862,ND,ND,ND,ND,ND,ND,11.9,30,ND,ND,ND
Iowa,Linn County,211226,1,ND,ND,ND,0.064,68,11.1,36,0.984,8.6,28.9
Iowa,Montgomery County,10740,ND,ND,ND,ND,0.067,44,9.9,27,ND,ND,ND
Iowa,Muscatine County,42745,ND,ND,ND,ND,ND,81,13.9,41,IN,IN,IN
Iowa,Palo Alto County,9421,ND,ND,ND,ND,0.067,94,8.7,21,ND,ND,ND
Iowa,Polk County,430640,1,ND,8.901,47,0.057,53,10.3,33,0.299,1.2,2.5
Iowa,Pottawattamie County,93158,ND,0.26,ND,ND,ND,72,12.2,32,ND,ND,ND
Iowa,Scott County,165224,1,ND,8.437,37.5,0.065,129,12.9,35,0.518,3.6,IN
Iowa,Story County,89542,ND,ND,ND,ND,0.061,ND,IN,IN,ND,ND,ND
Iowa,Tama County,17767,ND,ND,ND,ND,ND,ND,IN,IN,ND,ND,ND
Iowa,Van Buren County,7570,ND,ND,ND,ND,0.068,47,9.8,30,0.189,1.6,5.1
Iowa,Warren County,46225,ND,ND,ND,ND,0.064,ND,ND,ND,ND,ND,ND
Iowa,Woodbury County,102172,ND,ND,ND,ND,ND,48,10.7,34,ND,ND,ND
Iowa,Wright County,13229,ND,ND,ND,ND,ND,ND,IN,IN,ND,ND,ND
Kansas,Ford County,33848,ND,ND,ND,ND,ND,48,ND,ND,ND,ND,ND
Kansas,Johnson County,544179,ND,ND,ND,ND,0.071,ND,IN,IN,ND,ND,ND
Kansas,Leavenworth County,76227,ND,ND,ND,ND,0.07,ND,ND,ND,ND,ND,ND
Kansas,Linn County,9656,ND,ND,1.822,12.1,0.066,ND,9.1,22,1.26,3.3,IN
Kansas,Montgomery County,35471,ND,ND,ND,ND,ND,ND,ND,ND,4.249,21.9,28
Kansas,Neosho County,16512,ND,ND,ND,ND,ND,49,ND,ND,ND,ND,ND
Kansas,Saline County,55606,ND,0.42,ND,ND,ND,ND,ND,ND,ND,ND,ND
Kansas,Sedgwick County,498365,3,ND,8.273,39,0.075,57,8.8,20,ND,ND,ND
Kansas,Shawnee County,177934,ND,ND,ND,ND,0.069,70,9,21,ND,ND,ND
Kansas,Sherman County,6010,ND,ND,ND,ND,ND,50,ND,ND,ND,ND,ND
Kansas,Sumner County,24132,ND,ND,3.656,26,0.075,ND,8.4,19,0.733,1.8,12
Kansas,Trego County,3001,ND,ND,ND,ND,0.071,ND,ND,ND,1.09,2,IN
Kansas,Wyandotte County,157505,2,ND,13.131,54,0.058,65,10.5,23,5.036,13.1,49
Kentucky,Bell County,28691,ND,ND,ND,ND,0.073,ND,12.9,28,ND,ND,ND
Kentucky,Boone County,118811,ND,ND,ND,ND,0.067,ND,ND,ND,ND,ND,ND
Kentucky,Boyd County,49542,ND,IN,8.465,37,0.072,90,11.2,26,2.328,10.2,34
Kentucky,Bullitt County,74319,ND,ND,ND,ND,0.074,ND,13.4,24,ND,ND,ND
Kentucky,Campbell County,90336,ND,ND,4.524,39,0.073,ND,11.8,26,4.026,16.6,99
Kentucky,Carter County,27720,ND,ND,ND,ND,0.071,27,9.9,20,ND,ND,ND
Kentucky,Christian County,73955,ND,ND,ND,ND,0.074,ND,11.2,22,ND,ND,ND
Kentucky,Daviess County,96656,ND,ND,7.06,38,0.072,ND,12.9,28,2.841,11.1,68
Kentucky,Edmonson County,12161,0,ND,ND,ND,0.075,ND,IN,IN,1.274,5.7,15.4
Kentucky,Fayette County,295803,ND,ND,9.463,56,0.071,35,12.2,23,2.214,7.8,40
Kentucky,Franklin County,49285,ND,ND,ND,ND,ND,ND,11.4,23,ND,ND,ND
Kentucky,Greenup County,36910,ND,ND,ND,ND,0.071,ND,ND,ND,2.498,10.9,41
Kentucky,Hancock County,8565,ND,ND,ND,ND,0.073,ND,ND,ND,ND,ND,ND
Kentucky,Hardin County,105543,ND,ND,ND,ND,0.071,ND,11.9,21,ND,ND,ND
Kentucky,Henderson County,46250,ND,ND,ND,ND,0.074,37,12.5,24,2.055,6.8,22
Kentucky,Jefferson County,741096,2,ND,11.953,IN,0.085,74,14.8,29,4.057,15.2,107
Kentucky,Jessamine County,48586,ND,ND,ND,ND,0.069,ND,ND,ND,2.049,11.3,48
Kentucky,Kenton County,159720,ND,ND,ND,ND,0.064,ND,IN,IN,ND,ND,ND
Kentucky,Laurel County,58849,ND,ND,ND,ND,ND,ND,IN,IN,ND,ND,ND
Kentucky,Livingston County,9519,ND,ND,ND,ND,0.067,ND,ND,ND,0.916,4.8,15
Kentucky,McCracken County,65565,ND,ND,6.875,47,0.073,32,11.4,25,1.478,7.3,25
Kentucky,Madison County,82916,ND,0.05,ND,ND,ND,ND,10.7,21,ND,ND,ND
Kentucky,Marshall County,31448,ND,ND,ND,ND,ND,30,ND,ND,ND,ND,ND
Kentucky,Ohio County,23842,ND,ND,ND,ND,ND,IN,IN,IN,ND,ND,ND
Kentucky,Oldham County,60316,ND,ND,ND,ND,0.078,ND,ND,ND,ND,ND,ND
Kentucky,Perry County,28712,ND,ND,ND,ND,0.071,ND,IN,IN,ND,ND,ND
Kentucky,Pike County,65024,ND,ND,ND,ND,0.07,ND,10.4,24,ND,ND,ND
Kentucky,Pulaski County,63063,ND,ND,ND,ND,0.066,ND,IN,IN,ND,ND,ND
Kentucky,Russell County,17565,ND,IN,ND,ND,ND,ND,ND,ND,ND,ND,ND
Kentucky,Simpson County,17327,ND,ND,ND,ND,0.073,ND,ND,ND,ND,ND,ND
Kentucky,Trigg County,14339,ND,ND,ND,ND,0.07,ND,ND,ND,ND,ND,ND
Kentucky,Warren County,113792,ND,ND,ND,ND,0.068,ND,11.5,21,ND,ND,ND
Louisiana,Ascension Parish,107215,ND,ND,8.27,42,0.078,ND,ND,ND,ND,ND,ND
Louisiana,Bossier Parish,116979,ND,ND,ND,ND,0.079,54,ND,ND,IN,IN,IN
Louisiana,Caddo Parish,254969,ND,ND,ND,ND,0.077,IN,11,19,ND,ND,ND
Louisiana,Calcasieu Parish,192768,ND,ND,6.7,37,0.078,ND,9.6,22,3.361,14.3,34
Louisiana,Concordia Parish,20822,ND,ND,ND,ND,ND,ND,IN,IN,ND,ND,ND
Louisiana,East Baton Rouge Parish,440171,2,ND,12.687,56,0.08,78,10.7,20,1.339,11.4,41.5
Louisiana,Iberville Parish,33387,ND,ND,7.095,36,0.074,ND,10.6,22,ND,ND,ND
Louisiana,Jefferson Parish,432552,ND,ND,7.759,47,0.081,ND,9.6,19,ND,ND,ND
Louisiana,Lafayette Parish,221578,ND,ND,ND,ND,0.074,72,9.7,23,ND,ND,ND
Louisiana,Lafourche Parish,96318,ND,ND,ND,ND,0.074,ND,ND,ND,ND,ND,ND
Louisiana,Livingston Parish,128026,ND,ND,2.906,20,0.076,ND,ND,ND,ND,ND,ND
Louisiana,Orleans Parish,343829,ND,ND,ND,ND,0.072,73,IN,IN,ND,ND,ND
Louisiana,Ouachita Parish,153720,ND,ND,ND,ND,0.07,ND,9.5,19,IN,IN,IN
Louisiana,Plaquemines Parish,23042,ND,ND,ND,ND,ND,ND,IN,IN,ND,ND,ND
Louisiana,Pointe Coupee Parish,22802,ND,ND,ND,ND,0.075,ND,ND,ND,ND,ND,ND
Louisiana,Rapides Parish,131613,ND,ND,ND,ND,ND,ND,9.2,20,ND,ND,ND
Louisiana,St. Bernard Parish,35897,ND,ND,ND,ND,0.074,72,10.1,18,7.743,75.6,248
Louisiana,St. Charles Parish,52780,ND,ND,ND,ND,0.075,ND,IN,IN,ND,ND,ND
Louisiana,St. James Parish,22102,ND,ND,ND,ND,0.069,ND,ND,ND,ND,ND,ND
Louisiana,St. John the Baptist Parish,45924,ND,ND,ND,ND,0.073,ND,ND,ND,ND,ND,ND
Louisiana,St. Tammany Parish,233740,ND,ND,ND,ND,0.076,ND,IN,IN,ND,ND,ND
Louisiana,Tangipahoa Parish,121097,ND,ND,ND,ND,ND,ND,9,17,ND,ND,ND
Louisiana,Terrebonne Parish,111860,ND,ND,ND,ND,ND,ND,8.8,17,ND,ND,ND
Louisiana,West Baton Rouge Parish,23788,ND,ND,11.305,49,0.071,ND,11.2,21,5.071,19.8,92
Maine,Androscoggin County,107702,ND,ND,ND,ND,0.058,43,IN,IN,ND,ND,ND
Maine,Aroostook County,71870,0,ND,2.034,IN,0.051,79,7.3,23,0.221,2.2,6.9
Maine,Cumberland County,281674,1,ND,9.765,44,0.072,52,8,23,1.564,9.5,21
Maine,Hancock County,54418,0,ND,ND,ND,0.076,25,4.4,16,0.154,1.1,3.1
Maine,Kennebec County,122151,ND,ND,ND,ND,0.059,43,6.4,19,ND,ND,ND
Maine,Knox County,39736,ND,ND,ND,ND,0.07,ND,IN,IN,ND,ND,ND
Maine,Oxford County,57833,ND,ND,ND,ND,0.054,ND,8,30,ND,ND,ND
Maine,Penobscot County,153923,ND,ND,ND,ND,0.059,43,7,23,ND,ND,ND
Maine,Piscataquis County,17535,ND,ND,ND,ND,ND,ND,5.1,15,ND,ND,ND
Maine,Sagadahoc County,35293,ND,ND,ND,ND,0.061,ND,ND,ND,ND,ND,ND
Maine,Washington County,32856,ND,ND,ND,ND,0.061,ND,ND,ND,ND,ND,ND
Maine,York County,197131,ND,ND,ND,ND,0.072,ND,IN,IN,ND,ND,ND
Maryland,Anne Arundel County,537656,ND,ND,ND,ND,0.087,45,11,28,ND,ND,ND
Maryland,Baltimore County,805029,2,ND,13.155,54,0.084,ND,11.6,29,2.152,7.3,20
Maryland,Calvert County,88737,ND,ND,ND,ND,0.087,ND,ND,ND,ND,ND,ND
Maryland,Carroll County,167134,ND,ND,ND,ND,0.083,ND,ND,ND,ND,ND,ND
Maryland,Cecil County,101108,ND,ND,ND,ND,0.082,ND,IN,IN,ND,ND,ND
Maryland,Charles County,146551,ND,ND,ND,ND,0.082,ND,ND,ND,ND,ND,ND
Maryland,Frederick County,233385,ND,ND,ND,ND,0.083,ND,ND,ND,ND,ND,ND
Maryland,Garrett County,30097,0,ND,ND,ND,0.078,ND,IN,IN,2.158,9.7,23.6
Maryland,Harford County,244826,ND,ND,ND,ND,0.096,ND,9.5,22,ND,ND,ND
Maryland,Kent County,20197,ND,ND,ND,ND,0.074,ND,IN,IN,ND,ND,ND
Maryland,Montgomery County,971777,ND,ND,ND,ND,0.077,ND,11.1,28,ND,ND,ND
Maryland,Prince George's County,863420,1,ND,ND,ND,0.085,IN,12.1,27,0.987,6.8,10.2
Maryland,Washington County,147430,ND,ND,ND,ND,0.078,ND,IN,IN,ND,ND,ND
Maryland,Worcester County,51454,ND,ND,ND,ND,0.075,ND,ND,ND,ND,ND,ND
Maryland,Baltimore city,620961,1,ND,17.549,61,0.074,46,12.7,30,ND,ND,ND
Massachusetts,Barnstable County,215888,ND,ND,ND,ND,0.078,ND,ND,ND,ND,ND,ND
Massachusetts,Berkshire County,131219,ND,ND,ND,ND,0.073,ND,8.9,25,ND,ND,ND
Massachusetts,Bristol County,548285,ND,ND,ND,ND,0.077,ND,7.7,24,3.081,33.1,84.3
Massachusetts,Dukes County,16535,ND,ND,ND,ND,0.08,ND,ND,ND,ND,ND,ND
Massachusetts,Essex County,743159,1,ND,7.303,42.4,0.072,ND,7.9,20,ND,ND,ND
Massachusetts,Hampden County,463490,2,ND,14.545,48,0.074,33,9.2,26,2.05,7.4,13
Massachusetts,Hampshire County,158080,ND,ND,2.673,26,0.076,28,IN,IN,0.844,5.7,5.8
Massachusetts,Middlesex County,1503085,1,ND,ND,ND,0.069,28,7,20,ND,ND,ND
Massachusetts,Norfolk County,670850,ND,ND,IN,IN,0.073,ND,IN,IN,ND,ND,ND
Massachusetts,Plymouth County,494919,ND,ND,ND,ND,ND,ND,7.8,23,ND,ND,ND
Massachusetts,Suffolk County,722023,2,0.01,19.098,53,0.07,41,10,25,2.933,9.4,25
Massachusetts,Worcester County,798552,1,ND,13.987,48.4,0.071,42,8.7,21,2.055,6.8,12
Michigan,Allegan County,111408,ND,ND,ND,ND,0.073,ND,8.5,25,ND,ND,ND
Michigan,Alpena County,29598,ND,ND,ND,ND,ND,ND,IN,IN,ND,ND,ND
Michigan,Bay County,107771,ND,ND,ND,ND,ND,ND,8.2,31,ND,ND,ND
Michigan,Benzie County,17525,ND,ND,ND,ND,0.072,ND,ND,ND,ND,ND,ND
Michigan,Berrien County,156813,ND,ND,ND,ND,0.072,ND,8.7,23,ND,ND,ND
Michigan,Cass County,52293,ND,ND,ND,ND,0.069,ND,ND,ND,ND,ND,ND
Michigan,Chippewa County,38520,ND,ND,ND,ND,0.053,ND,IN,43,ND,ND,ND
Michigan,Clinton County,75382,ND,ND,ND,ND,0.065,ND,ND,ND,ND,ND,ND
Michigan,Dickinson County,26168,ND,ND,ND,ND,ND,ND,IN,IN,ND,ND,ND
Michigan,Emmet County,32694,ND,ND,ND,ND,ND,ND,IN,IN,ND,ND,ND
Michigan,Genesee County,425790,ND,ND,ND,ND,0.07,ND,8.9,25,ND,ND,ND
Michigan,Grand Traverse County,86986,ND,ND,ND,ND,ND,ND,IN,IN,ND,ND,ND
Michigan,Huron County,33118,ND,ND,ND,ND,0.069,ND,ND,ND,ND,ND,ND
Michigan,Ingham County,280895,ND,ND,IN,IN,0.065,ND,9,24,ND,ND,ND
Michigan,Ionia County,63905,ND,0.28,ND,ND,ND,ND,ND,ND,ND,ND,ND
Michigan,Iron County,11817,ND,ND,ND,ND,ND,ND,IN,IN,ND,ND,ND
Michigan,Kalamazoo County,250331,ND,ND,ND,ND,0.067,ND,9.3,22,ND,ND,ND
Michigan,Kent County,602622,1,0.01,ND,ND,0.069,37,9.6,24,0.956,4.5,17.8
Michigan,Lenawee County,99892,ND,ND,ND,ND,0.066,ND,8.9,22,ND,ND,ND
Michigan,Macomb County,840978,ND,ND,ND,ND,0.076,ND,8.9,26,ND,ND,ND
Michigan,Manistee County,24733,ND,ND,ND,ND,0.068,ND,6.6,22,ND,ND,ND
Michigan,Mason County,28705,ND,ND,ND,ND,0.07,ND,ND,ND,ND,ND,ND
Michigan,Missaukee County,14849,ND,ND,IN,IN,0.065,ND,5.9,18,ND,ND,ND
Michigan,Monroe County,152021,ND,ND,ND,ND,ND,ND,9.4,26,ND,ND,ND
Michigan,Muskegon County,172188,ND,ND,ND,ND,0.076,ND,8.3,23,ND,ND,ND
Michigan,Oakland County,1202362,ND,ND,ND,ND,0.073,ND,9.1,27,ND,ND,ND
Michigan,Ottawa County,263801,ND,ND,ND,ND,0.072,ND,9.1,23,ND,ND,ND
Michigan,Saginaw County,200169,ND,ND,ND,ND,ND,ND,IN,IN,ND,ND,ND
Michigan,St. Clair County,163040,ND,ND,ND,ND,0.076,ND,8.9,26,ND,ND,ND
Michigan,Schoolcraft County,8485,ND,ND,ND,ND,0.075,ND,ND,ND,ND,ND,ND
Michigan,Washtenaw County,344791,ND,ND,ND,ND,0.066,ND,9.2,23,ND,ND,ND
Michigan,Wayne County,1820584,1,0.01,11.96,54,0.078,73,11.3,30,3.385,48.8,107
Minnesota,Anoka County,330844,ND,0.03,9.368,51,0.067,ND,8.3,25,ND,ND,ND
Minnesota,Becker County,32504,ND,ND,ND,ND,0.062,ND,ND,ND,ND,ND,ND
Minnesota,Carlton County,35386,ND,0,1.802,14,0.057,ND,ND,ND,ND,ND,ND
Minnesota,Cass County,28567,ND,ND,ND,ND,ND,ND,IN,IN,ND,ND,ND
Minnesota,Crow Wing County,62500,ND,ND,ND,ND,0.06,ND,IN,IN,ND,ND,ND
Minnesota,Dakota County,398552,2,0.27,9.673,44,ND,ND,IN,IN,0.787,5.3,19
Minnesota,Douglas County,36009,ND,ND,ND,ND,ND,ND,IN,IN,ND,ND,ND
Minnesota,Freeborn County,31255,ND,ND,ND,ND,ND,ND,IN,IN,ND,ND,ND
Minnesota,Goodhue County,46183,ND,ND,ND,ND,0.06,ND,ND,ND,ND,ND,ND
Minnesota,Hennepin County,1152425,2,0.02,ND,ND,ND,52,9.1,28,0.538,10.2,29
Minnesota,Itasca County,45058,ND,ND,ND,ND,ND,ND,IN,IN,ND,ND,ND
Minnesota,Kandiyohi County,42239,ND,ND,ND,ND,ND,ND,IN,IN,ND,ND,ND
Minnesota,Lake County,10866,ND,IN,ND,ND,0.061,ND,IN,IN,ND,ND,ND
Minnesota,Lyon County,25857,ND,ND,ND,ND,0.065,ND,ND,ND,ND,ND,ND
Minnesota,McLeod County,36651,ND,ND,ND,ND,ND,ND,IN,IN,ND,ND,ND
Minnesota,Mille Lacs County,26097,ND,ND,ND,ND,0.059,ND,IN,IN,ND,ND,ND
Minnesota,Nicollet County,32727,ND,ND,ND,ND,ND,ND,IN,IN,ND,ND,ND
Minnesota,Olmsted County,144248,ND,ND,ND,ND,0.061,ND,9.3,29,ND,ND,ND
Minnesota,Otter Tail County,57303,ND,ND,ND,ND,ND,ND,IN,IN,ND,ND,ND
Minnesota,Ramsey County,508640,2,0,ND,ND,ND,74,10,36,ND,ND,ND
Minnesota,St. Louis County,200226,2,0,ND,ND,0.067,47,6.4,17,0.151,2.1,9
Minnesota,Scott County,129928,ND,ND,ND,ND,0.06,ND,9,29,ND,ND,ND
Minnesota,Stearns County,150642,ND,0.01,ND,ND,0.058,ND,8.2,28,ND,ND,ND
Minnesota,Washington County,238136,ND,0,ND,ND,0.062,ND,IN,IN,0.286,3.5,17
Minnesota,Wright County,124700,ND,ND,ND,ND,0.063,ND,IN,IN,ND,ND,ND
Mississippi,Adams County,32297,ND,ND,ND,ND,0.067,ND,10.4,20,ND,ND,ND
Mississippi,Bolivar County,34145,ND,ND,ND,ND,0.073,ND,10.6,22,ND,ND,ND
Mississippi,DeSoto County,161252,ND,ND,ND,ND,0.076,ND,10.2,19,ND,ND,ND
Mississippi,Forrest County,74934,ND,ND,ND,ND,ND,ND,12,23,ND,ND,ND
Mississippi,Grenada County,21906,ND,ND,ND,ND,ND,ND,9.8,19,ND,ND,ND
Mississippi,Hancock County,43929,ND,ND,ND,ND,0.068,ND,10.2,20,ND,ND,ND
Mississippi,Harrison County,187105,ND,ND,ND,ND,0.073,ND,9.6,16,ND,ND,ND
Mississippi,Hinds County,245285,IN,ND,ND,ND,0.067,IN,11.4,22,IN,IN,IN
Mississippi,Jackson County,139668,ND,ND,5.511,35,0.073,ND,9.5,19,1.14,6.8,38
Mississippi,Jones County,67761,ND,ND,ND,ND,ND,ND,12.3,25,ND,ND,ND
Mississippi,Lauderdale County,80261,ND,ND,ND,ND,0.062,ND,11.2,22,ND,ND,ND
Mississippi,Lee County,82910,ND,ND,ND,ND,0.068,ND,12,22,ND,ND,ND
Mississippi,Lowndes County,59779,ND,ND,ND,ND,ND,ND,IN,IN,ND,ND,ND
Mississippi,Pearl River County,55834,ND,ND,ND,ND,ND,ND,IN,IN,ND,ND,ND
Mississippi,Rankin County,141617,ND,ND,ND,ND,ND,ND,IN,IN,ND,ND,ND
Mississippi,Scott County,28264,ND,ND,ND,ND,ND,ND,IN,IN,ND,ND,ND
Mississippi,Warren County,48773,ND,ND,ND,ND,ND,ND,IN,IN,ND,ND,ND
Missouri,Andrew County,17291,ND,ND,ND,ND,0.072,ND,ND,ND,ND,ND,ND
Missouri,Boone County,162642,ND,ND,ND,ND,0.069,ND,IN,IN,ND,ND,ND
Missouri,Buchanan County,89201,ND,ND,ND,ND,ND,92,11.9,26,ND,ND,ND
Missouri,Callaway County,44332,ND,ND,ND,ND,0.068,ND,ND,ND,ND,ND,ND
Missouri,Cass County,99478,ND,ND,ND,ND,0.067,ND,10.3,23,ND,ND,ND
Missouri,Cedar County,13982,ND,ND,ND,ND,0.068,ND,10.9,24,ND,ND,ND
Missouri,Clay County,221939,ND,ND,IN,IN,0.076,ND,9.6,23,ND,ND,ND
Missouri,Clinton County,20743,ND,ND,ND,ND,0.076,ND,ND,ND,ND,ND,ND
Missouri,Greene County,275174,1,ND,IN,IN,0.069,32,9.9,22,3.218,39.2,98
Missouri,Howell County,40400,ND,ND,ND,ND,ND,ND,IN,IN,ND,ND,ND
Missouri,Iron County,10630,ND,0.72,ND,ND,ND,ND,ND,ND,ND,ND,ND
Missouri,Jackson County,674158,ND,ND,14.93,52,ND,52,11,31,5.499,46.5,IN
Missouri,Jasper County,117404,ND,0.02,ND,ND,0.072,107,IN,IN,ND,ND,ND
Missouri,Jefferson County,218733,ND,1.37,ND,ND,0.077,ND,10.5,24,10.351,58.1,199
Missouri,Lincoln County,52566,ND,ND,ND,ND,0.079,ND,ND,ND,ND,ND,ND
Missouri,Maries County,9176,ND,ND,ND,ND,ND,ND,ND,IN,ND,ND,ND
Missouri,Mercer County,3785,ND,ND,ND,ND,ND,ND,IN,IN,ND,ND,ND
Missouri,Monroe County,8840,ND,ND,ND,ND,0.07,IN,IN,IN,IN,IN,IN
Missouri,Perry County,18971,ND,ND,ND,ND,0.077,ND,ND,ND,ND,ND,ND
Missouri,Reynolds County,6696,ND,0.1,ND,ND,ND,ND,ND,ND,ND,ND,ND
Missouri,St. Charles County,360485,ND,ND,IN,IN,0.084,ND,IN,IN,ND,ND,ND
Missouri,Ste. Genevieve County,18145,ND,ND,IN,IN,0.072,ND,IN,IN,ND,ND,ND
Missouri,St. Francois County,65359,ND,0.05,ND,ND,ND,ND,ND,ND,ND,ND,ND
Missouri,St. Louis County,998954,1,0.01,IN,IN,0.076,48,11.2,27,IN,IN,IN
Missouri,Taney County,51675,ND,ND,ND,ND,0.067,ND,ND,ND,ND,ND,ND
Missouri,St. Louis city,319294,2,ND,12.831,IN,0.071,131,13.8,27,3.263,12.3,49
Montana,Cascade County,81327,2,ND,ND,ND,ND,ND,IN,IN,ND,ND,ND
Montana,Flathead County,90928,IN,ND,ND,ND,0.055,94,9,29,ND,ND,ND
Montana,Gallatin County,89513,2,ND,1.879,IN,ND,ND,9.2,35,ND,ND,ND
Montana,Glacier County,13399,ND,ND,ND,ND,0.058,ND,ND,ND,ND,ND,ND
Montana,Lake County,28746,ND,ND,ND,ND,ND,76,IN,IN,ND,ND,ND
Montana,Lewis and Clark County,63395,ND,ND,ND,ND,ND,ND,10.6,54,ND,ND,ND
Montana,Lincoln County,19687,ND,ND,ND,ND,ND,89,11.4,32,ND,ND,ND
Montana,Missoula County,109299,2,ND,ND,ND,0.054,55,9.6,27,ND,ND,ND
Montana,Powder River County,1743,ND,ND,IN,IN,0.056,78,5.2,14,ND,ND,ND
Montana,Ravalli County,40212,ND,ND,ND,ND,ND,ND,8.9,35,ND,ND,ND
Montana,Richland County,9746,ND,ND,IN,IN,0.057,85,IN,IN,IN,IN,IN
Montana,Rosebud County,9233,ND,ND,IN,IN,0.059,86,IN,IN,IN,IN,IN
Montana,Sanders County,11413,ND,ND,ND,ND,ND,20,5.7,13,ND,ND,ND
Montana,Silver Bow County,34200,ND,ND,ND,ND,ND,82,IN,43,ND,ND,ND
Montana,Yellowstone County,147972,2,ND,ND,ND,ND,ND,IN,IN,3.876,23.4,91
Nebraska,Cass County,25241,ND,ND,ND,ND,ND,249,IN,IN,ND,ND,ND
Nebraska,Cedar County,8852,ND,ND,ND,ND,ND,ND,IN,IN,ND,ND,ND
Nebraska,Cherry County,5713,ND,ND,ND,ND,ND,ND,IN,IN,ND,ND,ND
Nebraska,Dawson County,24326,ND,ND,ND,ND,ND,90,ND,ND,ND,ND,ND
Nebraska,Deuel County,1941,ND,ND,ND,ND,ND,ND,IN,IN,ND,ND,ND
Nebraska,Dodge County,36691,ND,IN,ND,ND,ND,ND,ND,ND,ND,ND,ND
Nebraska,Douglas County,517110,2,ND,ND,ND,0.064,145,10.3,28,2.124,25.9,58
Nebraska,Hall County,58607,ND,ND,ND,ND,ND,ND,7.3,21,ND,ND,ND
Nebraska,Lancaster County,285407,2,ND,ND,ND,0.05,ND,9,26,ND,ND,ND
Nebraska,Lincoln County,36288,ND,ND,ND,ND,ND,ND,IN,IN,ND,ND,ND
Nebraska,Nemaha County,7248,ND,IN,ND,ND,ND,ND,ND,ND,ND,ND,ND
Nebraska,Sarpy County,158840,ND,ND,ND,ND,ND,ND,IN,IN,ND,ND,ND
Nebraska,Scotts Bluff County,36970,ND,ND,ND,ND,0.059,ND,5.3,14,ND,ND,ND
Nebraska,Washington County,20234,ND,ND,ND,ND,ND,ND,9.7,26,ND,ND,ND
Nevada,Churchill County,24877,ND,ND,ND,ND,0.062,ND,ND,ND,ND,ND,ND
Nevada,Clark County,1951269,3,ND,13.308,55.9,0.079,61,7.4,22,ND,ND,ND
Nevada,Douglas County,46997,3,ND,ND,ND,ND,ND,IN,IN,ND,ND,ND
Nevada,Elko County,48818,ND,ND,ND,ND,ND,61,ND,ND,ND,ND,ND
Nevada,Lyon County,51980,ND,ND,ND,ND,0.063,ND,ND,ND,ND,ND,ND
Nevada,Mineral County,4772,ND,ND,ND,ND,ND,80,ND,ND,ND,ND,ND
Nevada,Nye County,43946,ND,ND,ND,ND,ND,95,ND,ND,ND,ND,ND
Nevada,Washoe County,421407,3,ND,16.276,55,0.07,77,6,16,IN,IN,IN
Nevada,White Pine County,10030,ND,ND,ND,ND,0.069,ND,ND,ND,ND,ND,ND
Nevada,Carson City,55274,ND,ND,ND,ND,0.064,ND,ND,ND,ND,ND,ND
New Hampshire,Belknap County,60088,ND,ND,ND,ND,0.064,ND,5.4,18,ND,ND,ND
New Hampshire,Cheshire County,77117,ND,ND,ND,ND,0.064,ND,8.3,22,ND,ND,ND
New Hampshire,Coos County,33055,ND,ND,ND,ND,0.073,ND,IN,IN,ND,ND,ND
New Hampshire,Grafton County,89118,ND,ND,ND,ND,0.061,ND,6.6,20,ND,ND,ND
New Hampshire,Hillsborough County,400721,2,ND,7.99,42.2,0.077,29,8,25,1.453,12,57.7
New Hampshire,Merrimack County,146445,ND,ND,ND,ND,0.068,ND,8.6,23,10.487,109,219.7
New Hampshire,Rockingham County,295223,ND,ND,ND,ND,0.066,33,IN,IN,2.268,10.5,44.9
New Hampshire,Sullivan County,43742,ND,ND,ND,ND,ND,ND,IN,IN,ND,ND,ND
New Jersey,Atlantic County,274549,ND,ND,ND,ND,0.08,IN,9.2,21,0.925,6.1,9.8
New Jersey,Bergen County,905116,2,ND,15.824,64,0.076,ND,8.8,25,0.372,4.6,9
New Jersey,Camden County,513657,0,ND,ND,ND,0.088,85,9.5,23,0.615,5.7,10
New Jersey,Cumberland County,156898,ND,ND,ND,ND,0.077,ND,ND,ND,1.077,5.5,10
New Jersey,Essex County,783969,2,ND,18.343,64,0.085,ND,9.2,24,1.895,9.6,18
New Jersey,Gloucester County,288288,ND,ND,ND,ND,0.083,ND,IN,IN,1.03,8.7,15
New Jersey,Hudson County,634266,2,ND,18.268,68,0.082,65,10.6,27,2.381,10.3,26
New Jersey,Hunterdon County,128349,ND,ND,ND,ND,0.081,ND,ND,ND,ND,ND,ND
New Jersey,Mercer County,366513,ND,ND,8.065,40,0.086,53,9.5,27,ND,ND,ND
New Jersey,Middlesex County,809858,2,ND,10.125,45,0.086,ND,7.4,19,0.953,7,17
New Jersey,Monmouth County,630380,2,ND,ND,ND,0.086,ND,ND,ND,ND,ND,ND
New Jersey,Morris County,492276,1,ND,4.215,36,0.078,ND,8.5,23,1.046,10.9,26
New Jersey,Ocean County,576567,ND,ND,ND,ND,0.087,ND,8.7,24,ND,ND,ND
New Jersey,Passaic County,501226,ND,ND,ND,ND,0.077,ND,IN,IN,ND,ND,ND
New Jersey,Union County,536499,2,ND,22.192,71,ND,ND,10.6,28,1.414,8.8,30
New Jersey,Warren County,108692,ND,ND,ND,ND,ND,ND,9.4,38,IN,IN,IN
New Mexico,Bernalillo County,662564,3,ND,12.068,53,0.069,122,5.3,18,ND,ND,ND
New Mexico,Chaves County,65645,ND,ND,ND,ND,ND,33,IN,IN,ND,ND,ND
New Mexico,Doña Ana County,209233,ND,ND,8.625,51,0.07,589,10.7,40,ND,ND,ND
New Mexico,Eddy County,53829,ND,ND,2.393,IN,0.07,ND,ND,ND,ND,ND,ND
New Mexico,Grant County,29514,ND,ND,ND,ND,0.07,26,4.5,11,0.053,1,1
New Mexico,Lea County,64727,ND,ND,5.621,41,0.053,50,IN,IN,ND,ND,ND
New Mexico,Luna County,25095,ND,ND,4.565,28,0.058,519,ND,ND,ND,ND,ND
New Mexico,McKinley County,71492,ND,ND,ND,ND,ND,28,ND,ND,ND,ND,ND
New Mexico,Sandoval County,131561,ND,ND,ND,ND,0.063,83,IN,IN,ND,ND,ND
New Mexico,San Juan County,130044,ND,ND,12.39,40,0.069,49,IN,IN,0.665,2.3,14
New Mexico,Santa Fe County,144170,ND,ND,ND,ND,0.064,27,4,8,ND,ND,ND
New Mexico,Taos County,32937,ND,ND,ND,ND,ND,39,ND,ND,ND,ND,ND
New Mexico,Valencia County,76569,ND,ND,ND,ND,0.063,ND,ND,ND,ND,ND,ND
New York,Albany County,304204,1,ND,ND,ND,0.073,ND,7.9,24,2.326,7.4,14
New York,Bronx County,1385108,2,ND,20.097,70,0.073,ND,11.4,27,4.829,23.6,50.2
New York,Broome County,200600,ND,ND,ND,ND,ND,ND,IN,IN,ND,ND,ND
New York,Chautauqua County,134905,ND,ND,ND,ND,0.08,ND,7.5,24,1.544,8.3,30
New York,Chemung County,88830,ND,ND,ND,ND,0.067,ND,ND,ND,2.084,6,11
New York,Dutchess County,297488,ND,ND,ND,ND,0.076,ND,IN,IN,ND,ND,ND
New York,Erie County,919040,1,ND,13,59,0.072,ND,10.2,30,1.831,8.4,30.6
New York,Essex County,39370,ND,ND,ND,ND,0.073,ND,4.3,16,0.716,2.4,4.7
New York,Franklin County,51599,ND,ND,2.099,19,0.047,ND,ND,ND,1.043,13.5,14
New York,Hamilton County,4836,ND,ND,ND,ND,0.068,ND,ND,ND,0.338,2.7,4.1
New York,Herkimer County,64519,ND,ND,ND,ND,0.065,ND,ND,ND,0.54,2.5,4.2
New York,Jefferson County,116229,ND,ND,ND,ND,0.077,ND,ND,ND,ND,ND,ND
New York,Kings County,2504700,ND,ND,ND,ND,ND,ND,9.9,25,ND,ND,ND
New York,Madison County,73442,ND,ND,ND,ND,0.071,ND,ND,ND,1.093,5.3,7
New York,Monroe County,744344,1,ND,ND,ND,0.072,ND,8.3,23,2.186,8.8,25
New York,Nassau County,1339532,ND,ND,14.569,57,ND,ND,8.7,20,2.093,10.3,18
New York,New York County,1585873,2,ND,ND,ND,0.074,ND,11.5,27,ND,ND,ND
New York,Niagara County,216469,1,ND,ND,ND,0.071,ND,8.3,25,1.535,6.7,16.3
New York,Oneida County,234878,ND,ND,ND,ND,0.063,ND,IN,IN,ND,ND,ND
New York,Onondaga County,467026,1,ND,ND,ND,0.073,ND,7.6,23,0.92,3.6,10
New York,Orange County,372813,ND,0.08,ND,ND,0.075,ND,8.1,27,ND,ND,ND
New York,Oswego County,122109,ND,ND,ND,ND,0.071,ND,ND,ND,ND,ND,ND
New York,Putnam County,99710,ND,ND,ND,ND,0.077,ND,ND,ND,0.796,3.8,10
New York,Queens County,2230722,2,ND,19.275,69,0.076,ND,9.4,26,2.831,15.2,25.4
New York,Rensselaer County,159429,ND,ND,ND,ND,0.073,ND,ND,ND,1.123,5.3,7.5
New York,Richmond County,468730,ND,ND,ND,ND,0.085,ND,9.7,26,ND,ND,ND
New York,Rockland County,311687,ND,ND,ND,ND,0.076,ND,ND,ND,ND,ND,ND
New York,St. Lawrence County,111944,ND,ND,ND,ND,ND,ND,IN,IN,ND,ND,ND
New York,Saratoga County,219607,ND,ND,ND,ND,0.071,ND,ND,ND,ND,ND,ND
New York,Schenectady County,154727,1,ND,ND,ND,0.07,ND,IN,IN,1.92,6.2,16
New York,Steuben County,98990,0,ND,1.334,13.7,0.068,ND,IN,IN,0.634,6.1,13.7
New York,Suffolk County,1493350,1,ND,8.783,IN,0.085,ND,8.4,26,3.73,11,IN
New York,Ulster County,182493,ND,ND,ND,ND,0.07,ND,ND,ND,0.502,3.3,6.2
New York,Wayne County,93772,ND,ND,ND,ND,0.071,ND,ND,ND,ND,ND,ND
New York,Westchester County,949113,ND,ND,ND,ND,0.075,ND,8.8,27,ND,ND,ND
North Carolina,Alamance County,151131,ND,ND,ND,ND,ND,ND,11.1,20,ND,ND,ND
North Carolina,Alexander County,37198,ND,ND,ND,ND,0.071,ND,ND,ND,ND,ND,ND
North Carolina,Avery County,17797,ND,ND,ND,ND,0.071,ND,ND,ND,ND,ND,ND
North Carolina,Beaufort County,47759,ND,ND,ND,ND,ND,ND,ND,ND,0.71,6.2,28
North Carolina,Buncombe County,238318,ND,ND,ND,ND,0.071,ND,10.2,20,ND,ND,ND
North Carolina,Cabarrus County,178011,ND,ND,ND,ND,ND,ND,IN,IN,ND,ND,ND
North Carolina,Caldwell County,83029,ND,ND,ND,ND,0.071,ND,ND,ND,ND,ND,ND
North Carolina,Caswell County,23719,ND,ND,ND,ND,0.073,ND,10.1,18,ND,ND,ND
North Carolina,Catawba County,154358,ND,ND,ND,ND,ND,33,11.2,23,ND,ND,ND
North Carolina,Chatham County,63505,ND,ND,ND,ND,0.07,ND,8.9,19,ND,ND,ND
North Carolina,Cumberland County,319431,ND,ND,ND,ND,0.072,37,11.4,25,ND,ND,ND
North Carolina,Davidson County,162878,ND,ND,ND,ND,ND,ND,12.1,24,ND,ND,ND
North Carolina,Davie County,41240,ND,ND,ND,ND,0.072,ND,ND,ND,ND,ND,ND
North Carolina,Duplin County,58505,ND,ND,ND,ND,ND,28,9.3,19,ND,ND,ND
North Carolina,Durham County,267587,ND,ND,ND,ND,0.074,ND,10.2,21,ND,ND,ND
North Carolina,Edgecombe County,56552,ND,ND,ND,ND,0.072,ND,9.7,21,ND,ND,ND
North Carolina,Forsyth County,350670,2,ND,9.395,49,0.081,47,10.8,24,0.331,4.1,15
North Carolina,Franklin County,60619,ND,ND,ND,ND,0.071,ND,ND,ND,ND,ND,ND
North Carolina,Gaston County,206086,ND,ND,ND,ND,ND,ND,10.8,22,ND,ND,ND
North Carolina,Graham County,8861,ND,ND,ND,ND,0.075,ND,ND,ND,ND,ND,ND
North Carolina,Granville County,59916,ND,ND,ND,ND,0.074,ND,ND,ND,ND,ND,ND
North Carolina,Guilford County,488406,ND,ND,ND,ND,0.076,29,10.5,21,ND,ND,ND
North Carolina,Haywood County,59036,ND,ND,ND,ND,0.075,ND,10.6,24,ND,ND,ND
North Carolina,Jackson County,40271,ND,ND,ND,ND,0.069,ND,10.2,19,ND,ND,ND
North Carolina,Johnston County,168878,ND,ND,ND,ND,0.074,ND,9.8,20,ND,ND,ND
North Carolina,Lenoir County,59495,ND,ND,ND,ND,0.069,ND,9.5,20,ND,ND,ND
North Carolina,Lincoln County,78265,ND,ND,ND,ND,0.072,ND,ND,ND,ND,ND,ND
North Carolina,McDowell County,44996,ND,ND,ND,ND,ND,ND,10.3,19,ND,ND,ND
North Carolina,Martin County,24505,ND,ND,ND,ND,0.07,ND,9,22,0.449,3.1,6
North Carolina,Mecklenburg County,919628,2,ND,11.738,50,0.082,48,12.1,25,0.926,5.7,19.8
North Carolina,Mitchell County,15579,ND,ND,ND,ND,ND,ND,9.7,18,ND,ND,ND
North Carolina,Montgomery County,27798,ND,ND,ND,ND,ND,ND,9.9,22,ND,ND,ND
North Carolina,Nash County,95840,ND,ND,ND,ND,ND,ND,IN,IN,ND,ND,ND
North Carolina,New Hanover County,202667,ND,ND,ND,ND,0.062,ND,8,20,4.255,27.7,114
North Carolina,Onslow County,177772,ND,ND,ND,ND,ND,ND,IN,IN,ND,ND,ND
North Carolina,Orange County,133801,ND,ND,ND,ND,ND,ND,IN,IN,ND,ND,ND
North Carolina,Pasquotank County,40661,ND,ND,ND,ND,ND,ND,IN,IN,ND,ND,ND
North Carolina,Person County,39464,ND,ND,ND,ND,0.074,ND,ND,ND,ND,ND,ND
North Carolina,Pitt County,168148,ND,ND,ND,ND,0.069,ND,9.2,22,ND,ND,ND
North Carolina,Robeson County,134168,ND,ND,ND,ND,ND,ND,10.6,25,ND,ND,ND
North Carolina,Rockingham County,93643,ND,ND,ND,ND,0.074,ND,ND,ND,ND,ND,ND
North Carolina,Rowan County,138428,1,ND,ND,ND,0.078,ND,11,22,ND,ND,ND
North Carolina,Swain County,13981,ND,ND,ND,ND,0.066,ND,9.9,21,IN,IN,IN
North Carolina,Union County,201292,ND,ND,ND,ND,0.071,ND,ND,ND,ND,ND,ND
North Carolina,Wake County,900993,2,ND,ND,ND,0.073,43,10.2,21,1.017,5.7,12.4
North Carolina,Watauga County,51079,ND,ND,ND,ND,ND,ND,8.8,16,ND,ND,ND
North Carolina,Wayne County,122623,ND,ND,ND,ND,ND,ND,10.6,21,ND,ND,ND
North Carolina,Yancey County,17818,ND,ND,ND,ND,0.074,ND,ND,ND,ND,ND,ND
North Dakota,Billings County,783,ND,ND,ND,ND,0.061,ND,4.7,12,0.151,1.5,6
North Dakota,Burke County,1968,ND,ND,1.856,21,0.063,46,IN,IN,1.232,15.9,45.2
North Dakota,Burleigh County,81308,ND,ND,5.707,38,0.061,44,7.7,18,1.175,9.3,41
North Dakota,Cass County,149778,1,ND,5.435,44,0.063,96,8.5,27,0.293,2.5,6.1
North Dakota,Dunn County,3536,ND,ND,IN,IN,0.058,32,ND,ND,IN,IN,IN
North Dakota,Grand Forks County,66861,ND,ND,ND,ND,ND,ND,IN,IN,ND,ND,ND
North Dakota,McKenzie County,6360,ND,ND,1.149,10,0.062,29,IN,IN,0.528,3.5,21
North Dakota,Mercer County,8424,ND,ND,2.926,26,0.061,43,6.4,15,1.481,14.3,54
North Dakota,Oliver County,1846,ND,ND,2.201,19,0.061,ND,ND,ND,1.479,10.4,59
North Dakota,Stark County,24199,ND,ND,ND,ND,ND,ND,IN,IN,ND,ND,ND
North Dakota,Steele County,1975,ND,ND,ND,ND,ND,ND,IN,IN,ND,ND,ND
North Dakota,Ward County,61675,ND,ND,IN,IN,ND,ND,ND,ND,IN,IN,IN
North Dakota,Williams County,22398,ND,ND,ND,ND,ND,ND,ND,ND,2.219,25.9,77
Ohio,Adams County,28550,ND,ND,ND,ND,ND,ND,ND,ND,2.353,10.7,43
Ohio,Allen County,106331,ND,ND,ND,ND,0.072,42,IN,IN,1.877,7.1,23
Ohio,Ashtabula County,101497,ND,ND,ND,ND,0.083,ND,ND,ND,1.604,8.4,20
Ohio,Athens County,64757,ND,ND,4.036,25.7,0.07,ND,IN,IN,4.969,17,70.5
Ohio,Belmont County,70400,ND,ND,ND,ND,ND,ND,ND,ND,2.753,15.7,62
Ohio,Butler County,368130,ND,0.01,ND,ND,0.08,44,13.6,32,IN,IN,IN
Ohio,Clark County,138333,ND,ND,ND,ND,0.075,ND,13.1,30,1.393,12.3,28
Ohio,Clermont County,197363,ND,ND,ND,ND,0.075,ND,12,28,ND,ND,ND
Ohio,Clinton County,42040,ND,ND,ND,ND,0.076,ND,ND,ND,ND,ND,ND
Ohio,Columbiana County,107841,ND,0.06,ND,ND,ND,44,ND,ND,2.674,21.5,47
Ohio,Cuyahoga County,1280122,4,0.53,15.822,58,0.075,72,14,33,5.823,36.4,76
Ohio,Delaware County,174214,ND,ND,ND,ND,0.074,ND,ND,ND,ND,ND,ND
Ohio,Franklin County,1163414,2,0.01,ND,ND,0.077,126,13.1,34,ND,ND,ND
Ohio,Fulton County,42698,ND,0.1,ND,ND,ND,ND,ND,ND,ND,ND,ND
Ohio,Geauga County,93389,ND,ND,ND,ND,0.081,ND,ND,ND,ND,ND,ND
Ohio,Greene County,161573,ND,ND,ND,ND,0.07,31,IN,IN,ND,ND,ND
Ohio,Hamilton County,802374,1,ND,14.645,54,0.08,59,14.9,35,2.664,14.2,IN
Ohio,Hancock County,74782,ND,ND,ND,ND,ND,42,ND,ND,ND,ND,ND
Ohio,Jefferson County,69709,ND,ND,ND,ND,0.071,63,12.7,30,4.41,26.5,127
Ohio,Knox County,60921,ND,ND,ND,ND,0.073,ND,ND,ND,ND,ND,ND
Ohio,Lake County,230041,1,ND,ND,ND,0.08,39,10.4,27,7.611,48.7,139
Ohio,Lawrence County,62450,ND,ND,ND,ND,0.074,40,12.1,25,IN,8,IN
Ohio,Licking County,166492,ND,ND,ND,ND,0.074,ND,ND,ND,ND,ND,ND
Ohio,Logan County,45858,ND,0.01,ND,ND,ND,ND,ND,ND,ND,ND,ND
Ohio,Lorain County,301356,ND,ND,ND,ND,0.073,35,10.4,24,ND,ND,ND
Ohio,Lucas County,441815,ND,ND,ND,ND,0.072,87,11.4,30,ND,ND,ND
Ohio,Madison County,43435,ND,ND,ND,ND,0.073,ND,ND,ND,ND,ND,ND
Ohio,Mahoning County,238823,ND,ND,ND,ND,0.071,49,12.6,33,2.439,13.1,48
Ohio,Marion County,66501,ND,IN,ND,ND,ND,ND,ND,ND,ND,ND,ND
Ohio,Medina County,172332,1,ND,IN,IN,0.071,ND,10.8,29,IN,IN,IN
Ohio,Meigs County,23770,ND,ND,ND,ND,ND,ND,ND,ND,3.212,16.9,94
Ohio,Miami County,102506,ND,ND,ND,ND,0.07,ND,ND,ND,ND,ND,ND
Ohio,Montgomery County,535153,2,ND,ND,ND,0.077,45,14,30,ND,ND,ND
Ohio,Morgan County,15054,ND,ND,ND,ND,ND,ND,ND,ND,3.915,40.2,167
Ohio,Portage County,161419,ND,ND,ND,ND,0.071,ND,11.2,32,ND,ND,ND
Ohio,Preble County,42270,ND,ND,ND,ND,0.071,ND,12,30,ND,ND,ND
Ohio,Scioto County,79499,ND,ND,ND,ND,ND,50,11.8,24,2.366,12.8,51.8
Ohio,Stark County,375586,2,0.02,ND,ND,0.08,ND,14.4,33,ND,ND,ND
Ohio,Summit County,541781,2,ND,ND,ND,0.076,ND,13.2,32,2.493,22.7,38
Ohio,Trumbull County,210312,ND,IN,ND,ND,0.076,44,11.9,31,ND,ND,ND
Ohio,Tuscarawas County,92582,ND,ND,ND,ND,ND,ND,ND,ND,3.967,18,58
Ohio,Warren County,212693,ND,ND,ND,ND,0.076,ND,11.9,27,ND,ND,ND
Ohio,Washington County,61778,ND,0.01,ND,ND,0.076,ND,ND,ND,ND,ND,ND
Ohio,Wood County,125488,ND,ND,ND,ND,0.07,ND,ND,ND,ND,ND,ND
Oklahoma,Adair County,22683,0,ND,3.133,IN,0.07,44,14.2,28,IN,IN,IN
Oklahoma,Caddo County,29600,ND,ND,ND,ND,0.069,39,8.9,23,ND,ND,ND
Oklahoma,Canadian County,115541,ND,ND,ND,ND,0.072,ND,IN,IN,ND,ND,ND
Oklahoma,Carter County,47557,ND,ND,ND,ND,ND,ND,IN,IN,ND,ND,ND
Oklahoma,Cherokee County,46987,ND,ND,ND,ND,0.071,ND,IN,IN,ND,ND,ND
Oklahoma,Cleveland County,255755,ND,ND,ND,ND,0.07,ND,ND,ND,ND,ND,ND
Oklahoma,Comanche County,124098,ND,ND,ND,ND,0.067,ND,IN,IN,ND,ND,ND
Oklahoma,Creek County,69967,ND,ND,ND,ND,0.069,ND,ND,ND,ND,ND,ND
Oklahoma,Custer County,27469,ND,ND,ND,ND,ND,ND,IN,IN,ND,ND,ND
Oklahoma,Dewey County,4810,ND,ND,ND,ND,0.067,ND,ND,ND,ND,ND,ND
Oklahoma,Garfield County,60580,ND,ND,ND,ND,ND,ND,IN,IN,ND,ND,ND
Oklahoma,Jefferson County,6472,ND,ND,ND,ND,0.067,ND,ND,ND,ND,ND,ND
Oklahoma,Kay County,46562,ND,ND,ND,ND,0.059,ND,IN,IN,3.26,12.4,38
Oklahoma,Lincoln County,34273,ND,ND,ND,ND,0.059,ND,IN,IN,ND,ND,ND
Oklahoma,Love County,9423,ND,ND,ND,ND,0.07,ND,ND,ND,ND,ND,ND
Oklahoma,McClain County,34506,ND,ND,ND,ND,0.069,ND,ND,ND,ND,ND,ND
Oklahoma,McCurtain County,33151,ND,ND,ND,ND,0.066,ND,ND,ND,ND,ND,ND
Oklahoma,Mayes County,41259,ND,0,ND,ND,0.069,ND,10.9,22,ND,ND,ND
Oklahoma,Muskogee County,70990,ND,ND,ND,ND,0.03,118,10.7,20,0.831,8.2,30
Oklahoma,Oklahoma County,718633,1,0,8.921,47,0.072,41,9.2,18,0.777,3.5,6
Oklahoma,Osage County,47472,ND,ND,ND,ND,0.068,39,ND,ND,ND,ND,ND
Oklahoma,Ottawa County,31848,ND,IN,ND,ND,0.068,65,IN,IN,ND,ND,ND
Oklahoma,Pawnee County,16577,ND,ND,ND,ND,ND,ND,IN,IN,ND,ND,ND
Oklahoma,Payne County,77350,ND,ND,ND,ND,ND,ND,IN,IN,ND,ND,ND
Oklahoma,Pittsburg County,45837,ND,0,ND,ND,0.068,ND,9.8,18,ND,ND,ND
Oklahoma,Pottawatomie County,69442,ND,ND,ND,ND,ND,ND,IN,IN,ND,ND,ND
Oklahoma,Seminole County,25482,ND,ND,ND,ND,ND,ND,IN,IN,ND,ND,ND
Oklahoma,Sequoyah County,42391,ND,ND,IN,IN,0.068,ND,IN,IN,ND,ND,ND
Oklahoma,Tulsa County,603403,2,0.01,8.311,38,0.073,74,10.7,24,5.3,26.2,63
Oregon,Benton County,85579,ND,ND,ND,ND,ND,ND,IN,IN,ND,ND,ND
Oregon,Clackamas County,375992,ND,ND,ND,ND,0.066,ND,ND,ND,ND,ND,ND
Oregon,Columbia County,49351,ND,ND,ND,ND,0.049,ND,IN,IN,ND,ND,ND
Oregon,Crook County,20978,ND,ND,ND,ND,ND,ND,IN,IN,ND,ND,ND
Oregon,Deschutes County,157733,ND,ND,ND,ND,0.059,ND,4.5,15,ND,ND,ND
Oregon,Douglas County,107667,ND,ND,ND,ND,ND,ND,IN,IN,ND,ND,ND
Oregon,Harney County,7422,ND,ND,ND,ND,ND,ND,7.9,25,ND,ND,ND
Oregon,Jackson County,203206,2,ND,ND,ND,0.061,31,7.1,19,ND,ND,ND
Oregon,Josephine County,82713,ND,ND,ND,ND,ND,ND,6.4,20,ND,ND,ND
Oregon,Klamath County,66380,ND,ND,ND,ND,ND,43,9.8,35,ND,ND,ND
Oregon,Lake County,7895,ND,ND,ND,ND,ND,ND,7.5,26,ND,ND,ND
Oregon,Lane County,351715,1,ND,ND,ND,0.06,39,8.9,33,ND,ND,ND
Oregon,Linn County,116672,ND,ND,ND,ND,ND,ND,IN,IN,ND,ND,ND
Oregon,Marion County,315335,ND,ND,ND,ND,0.057,ND,IN,IN,ND,ND,ND
Oregon,Multnomah County,735334,2,ND,8.635,33,0.054,29,6.3,17,1.35,3.2,8
Oregon,Umatilla County,75889,ND,ND,ND,ND,0.063,29,6.9,18,ND,ND,ND
Oregon,Union County,25748,ND,ND,ND,ND,ND,31,5.9,13,ND,ND,ND
Oregon,Wasco County,25213,ND,ND,ND,ND,ND,ND,IN,IN,ND,ND,ND
Oregon,Washington County,529710,ND,ND,ND,ND,0.056,ND,6.6,16,ND,ND,ND
Oregon,Yamhill County,99193,ND,0.03,ND,ND,ND,ND,ND,ND,ND,ND,ND
Pennsylvania,Adams County,101407,0,ND,IN,IN,0.074,ND,11.7,31,ND,ND,ND
Pennsylvania,Allegheny County,1223348,3,0.14,15.254,51,0.083,93,16.1,49,7.106,25.9,141
Pennsylvania,Armstrong County,68941,ND,ND,ND,ND,0.079,ND,13.2,32,ND,ND,ND
Pennsylvania,Beaver County,170539,ND,0.21,11.429,IN,0.077,69,12.6,29,6.681,39.6,161
Pennsylvania,Berks County,411442,1,0.2,8.232,38,0.084,28,10.1,27,3.396,9.8,36
Pennsylvania,Blair County,127089,ND,ND,ND,ND,0.072,52,IN,IN,4.721,19.1,36
Pennsylvania,Bucks County,625249,2,ND,10.638,44,0.087,ND,10.4,29,2.796,13.9,24
Pennsylvania,Cambria County,143679,1,ND,10.485,43,0.072,63,11.9,31,4.182,19.3,56
Pennsylvania,Centre County,153990,ND,ND,5.187,33,0.073,ND,9,26,2.072,9.9,26
Pennsylvania,Chester County,498886,ND,ND,ND,ND,0.077,ND,13.8,35,ND,ND,ND
Pennsylvania,Clearfield County,81642,ND,ND,ND,ND,0.077,ND,ND,ND,ND,ND,ND
Pennsylvania,Cumberland County,235406,ND,ND,ND,ND,ND,ND,10.2,31,ND,ND,ND
Pennsylvania,Dauphin County,268100,1,ND,10.674,40,0.077,44,12,33,ND,ND,ND
Pennsylvania,Delaware County,558979,ND,0.05,11.555,50,0.076,70,13.5,33,3.03,13,34
Pennsylvania,Erie County,280566,1,ND,7.863,IN,0.075,47,IN,IN,5.604,13.8,28
Pennsylvania,Franklin County,149618,ND,IN,ND,ND,0.07,ND,ND,ND,ND,ND,ND
Pennsylvania,Greene County,38686,ND,ND,ND,ND,0.078,ND,ND,ND,IN,IN,IN
Pennsylvania,Indiana County,88880,ND,0.05,ND,ND,0.082,ND,ND,ND,5.111,21.9,95
Pennsylvania,Lackawanna County,214437,1,ND,9.102,43,0.074,ND,9.7,28,ND,ND,ND
Pennsylvania,Lancaster County,519445,ND,ND,8.443,42,0.082,44,11.7,34,ND,ND,ND
Pennsylvania,Lawrence County,91108,2,IN,ND,ND,0.068,78,ND,ND,2.192,15.8,53
Pennsylvania,Lehigh County,349497,ND,ND,ND,ND,0.08,39,IN,IN,ND,ND,ND
Pennsylvania,Luzerne County,320918,ND,IN,ND,ND,0.07,48,IN,IN,1.474,9.1,17
Pennsylvania,Lycoming County,116111,ND,ND,ND,ND,0.073,36,ND,ND,ND,ND,ND
Pennsylvania,Mercer County,116638,ND,ND,ND,ND,0.076,ND,IN,IN,ND,ND,ND
Pennsylvania,Monroe County,169842,ND,ND,ND,ND,0.078,ND,IN,IN,ND,ND,ND
Pennsylvania,Montgomery County,799874,ND,ND,ND,ND,0.081,ND,9.5,26,1.822,7.6,15
Pennsylvania,Northampton County,297735,1,ND,10.711,41,0.082,64,13.7,33,2.394,17.7,57
Pennsylvania,Perry County,45969,ND,ND,2.826,23,0.072,ND,IN,IN,2.868,9.3,18
Pennsylvania,Philadelphia County,1526006,2,0.03,22.609,61.6,0.088,91,11.3,29,2.94,17.9,25
Pennsylvania,Tioga County,41981,ND,ND,ND,ND,0.074,ND,ND,ND,ND,ND,ND
Pennsylvania,Warren County,41815,ND,ND,ND,ND,ND,ND,ND,ND,4.089,41.7,109
Pennsylvania,Washington County,207820,1,ND,10.525,41,0.073,47,13.2,29,5.108,15.3,42
Pennsylvania,Westmoreland County,365169,ND,0.05,ND,ND,0.076,ND,14,32,ND,ND,ND
Pennsylvania,York County,434972,1,ND,13.411,53,0.076,70,11.3,30,2.717,8,27
Rhode Island,Kent County,166158,ND,ND,IN,IN,0.072,26,6.3,21,ND,ND,ND
Rhode Island,Providence County,626667,2,ND,9.83,40,0.075,37,9.2,26,1.34,13.1,21
Rhode Island,Washington County,126979,ND,ND,ND,ND,0.079,ND,IN,IN,ND,ND,ND
South Carolina,Abbeville County,25417,ND,ND,ND,ND,0.067,ND,ND,ND,ND,ND,ND
South Carolina,Aiken County,160099,ND,ND,ND,ND,0.066,ND,IN,IN,ND,ND,ND
South Carolina,Anderson County,187126,ND,ND,ND,ND,0.072,ND,ND,ND,ND,ND,ND
South Carolina,Beaufort County,162233,ND,ND,ND,ND,ND,ND,IN,IN,ND,ND,ND
South Carolina,Berkeley County,177843,ND,ND,ND,ND,0.066,ND,IN,IN,ND,ND,ND
South Carolina,Charleston County,350209,0,IN,7.573,IN,0.068,49,9.9,23,1.07,9.5,21
South Carolina,Cherokee County,55342,ND,ND,ND,ND,0.072,ND,ND,ND,ND,ND,ND
South Carolina,Chesterfield County,46734,ND,ND,ND,ND,0.068,48,10.2,21,ND,ND,ND
South Carolina,Colleton County,38892,ND,ND,ND,ND,0.069,ND,IN,IN,ND,ND,ND
South Carolina,Darlington County,68681,ND,ND,ND,ND,0.071,ND,ND,ND,ND,ND,ND
South Carolina,Edgefield County,26985,ND,ND,ND,ND,0.063,ND,10.3,21,ND,ND,ND
South Carolina,Florence County,136885,ND,ND,ND,ND,ND,ND,10.9,25,ND,ND,ND
South Carolina,Georgetown County,60158,ND,ND,ND,ND,ND,110,IN,IN,ND,ND,ND
South Carolina,Greenville County,451225,1,IN,10.728,IN,0.07,42,11.8,24,0.567,3.4,15
South Carolina,Greenwood County,69661,ND,ND,ND,ND,ND,ND,IN,IN,ND,ND,ND
South Carolina,Horry County,269291,ND,ND,ND,ND,ND,ND,IN,IN,ND,ND,ND
South Carolina,Lexington County,262391,ND,ND,ND,ND,ND,76,11.6,24,1.974,12,85
South Carolina,Oconee County,74273,ND,ND,ND,ND,0.069,ND,8.6,20,0.494,2.2,5.2
South Carolina,Orangeburg County,92501,ND,ND,ND,ND,ND,ND,IN,IN,ND,ND,ND
South Carolina,Pickens County,119224,ND,ND,ND,ND,0.072,ND,ND,ND,ND,ND,ND
South Carolina,Richland County,384504,IN,0,5.345,IN,0.072,49,11,22,0.521,6.4,34
South Carolina,Spartanburg County,284307,ND,ND,ND,ND,0.076,ND,11.4,23,ND,ND,ND
South Carolina,York County,226073,ND,ND,ND,ND,0.066,ND,IN,IN,ND,ND,ND
South Dakota,Brookings County,31965,ND,ND,ND,ND,0.064,81,8.6,26,ND,ND,ND
South Dakota,Brown County,36531,ND,ND,ND,ND,ND,46,8.7,26,ND,ND,ND
South Dakota,Codington County,27227,ND,ND,ND,ND,ND,125,8.9,24,ND,ND,ND
South Dakota,Custer County,8216,ND,ND,IN,IN,0.059,67,4.6,12,0.117,2.6,5
South Dakota,Jackson County,3031,ND,ND,0.509,5,0.058,31,3.9,14,1.038,3.3,9
South Dakota,Meade County,25434,ND,ND,ND,ND,0.057,29,IN,IN,ND,ND,ND
South Dakota,Minnehaha County,169468,ND,ND,6.583,48,0.064,60,9.7,28,0.247,1.7,5
South Dakota,Pennington County,100948,ND,ND,ND,ND,ND,97,7.5,21,ND,ND,ND
South Dakota,Union County,14399,0,ND,2.975,22,0.062,82,9.7,30,0.398,4.2,11.5
Tennessee,Anderson County,75129,ND,ND,ND,ND,0.073,ND,ND,ND,ND,ND,ND
Tennessee,Blount County,123010,0,ND,IN,IN,0.081,ND,11.7,22,IN,IN,IN
Tennessee,Bradley County,98963,ND,ND,IN,IN,ND,52,ND,ND,6.906,27.6,102
Tennessee,Davidson County,626681,2,ND,12.526,46,0.072,42,11.8,24,2.246,5.5,14
Tennessee,Dyer County,38335,ND,ND,ND,ND,ND,ND,10.1,21,ND,ND,ND
Tennessee,Hamilton County,336463,ND,ND,ND,ND,0.077,38,13.3,28,ND,ND,ND
Tennessee,Humphreys County,18538,ND,ND,ND,ND,ND,ND,ND,ND,IN,IN,IN
Tennessee,Jefferson County,51407,ND,ND,ND,ND,0.079,ND,ND,ND,ND,ND,ND
Tennessee,Knox County,432226,ND,0.03,ND,ND,0.074,48,12.5,24,ND,ND,ND
Tennessee,Lawrence County,41869,ND,ND,ND,ND,ND,ND,9.1,18,ND,ND,ND
Tennessee,Loudon County,48556,ND,ND,ND,ND,0.076,ND,12.4,25,ND,ND,ND
Tennessee,McMinn County,52266,ND,ND,8.996,37,ND,51,11.9,22,3.145,14.4,73
Tennessee,Madison County,98294,ND,ND,ND,ND,ND,27,9.9,19,ND,ND,ND
Tennessee,Maury County,80956,ND,ND,ND,ND,ND,ND,9.7,18,ND,ND,ND
Tennessee,Meigs County,11753,ND,ND,ND,ND,0.074,ND,ND,ND,ND,ND,ND
Tennessee,Montgomery County,172331,ND,ND,ND,ND,ND,34,10.9,22,3.654,12,51
Tennessee,Putnam County,72321,ND,ND,ND,ND,ND,ND,10.3,19,ND,ND,ND
Tennessee,Roane County,54181,ND,0,ND,ND,ND,53,12.4,25,ND,ND,ND
Tennessee,Rutherford County,262604,ND,ND,ND,ND,0.073,ND,ND,ND,ND,ND,ND
Tennessee,Sevier County,89889,ND,ND,ND,ND,0.079,ND,ND,ND,0.686,3.7,10.4
Tennessee,Shelby County,927644,2,ND,ND,ND,0.076,43,11.6,22,3.082,4.6,10
Tennessee,Sullivan County,156823,1,0.08,10.347,48.5,0.072,ND,11.7,23,7.436,34.7,231.5
Tennessee,Sumner County,160645,ND,ND,ND,ND,0.078,ND,10.7,20,ND,ND,ND
Tennessee,Union County,19109,ND,ND,ND,ND,ND,89,ND,ND,ND,ND,ND
Tennessee,Williamson County,183182,ND,ND,ND,ND,0.074,ND,ND,ND,ND,ND,ND
Tennessee,Wilson County,113993,ND,ND,ND,ND,0.074,ND,ND,ND,ND,ND,ND
Texas,Bell County,310235,ND,ND,ND,ND,0.072,ND,ND,ND,ND,ND,ND
Texas,Bexar County,1714773,1,ND,3.831,31.9,0.078,55,8.7,16,IN,IN,IN
Texas,Bowie County,92565,ND,ND,ND,ND,ND,ND,IN,IN,ND,ND,ND
Texas,Brazoria County,313166,ND,ND,5.369,34.1,0.088,ND,IN,IN,ND,ND,ND
Texas,Brewster County,9232,ND,ND,ND,ND,0.064,ND,IN,IN,ND,ND,ND
Texas,Caldwell County,38066,ND,ND,ND,ND,ND,ND,IN,IN,ND,ND,ND
Texas,Cameron County,406220,1,0,ND,ND,0.068,47,IN,IN,ND,ND,ND
Texas,Collin County,782341,ND,0.77,ND,ND,0.074,ND,IN,IN,ND,ND,ND
Texas,Dallas County,2368139,2,ND,13.186,56.8,0.078,62,10.6,21,0.651,2.6,8.1
Texas,Denton County,662614,ND,ND,6.481,35.2,0.078,ND,ND,ND,ND,ND,ND
Texas,Ector County,137130,ND,ND,ND,ND,ND,ND,IN,IN,ND,ND,ND
Texas,Ellis County,149610,ND,ND,7.193,42.9,0.072,ND,9.7,22,0.808,4.5,17.3
Texas,El Paso County,800647,3,0.04,17.067,62.7,0.073,249,8.4,61,0.756,3,10.3
Texas,Galveston County,291309,ND,ND,3.612,33.1,0.08,39,IN,IN,2.336,13.8,40
Texas,Gregg County,121730,ND,ND,6.543,41.7,0.078,ND,IN,IN,1.208,9.5,76.3
Texas,Harris County,4092459,2,0.01,14.941,60,0.087,82,12.3,24,1.879,11.8,45.6
Texas,Harrison County,65631,ND,ND,3.721,24,0.074,40,10.4,22,ND,ND,ND
Texas,Hays County,157107,ND,ND,IN,IN,0.072,ND,ND,ND,ND,ND,ND
Texas,Hidalgo County,774769,ND,ND,ND,ND,0.065,50,IN,IN,ND,ND,ND
Texas,Hood County,51182,ND,ND,ND,ND,0.077,ND,ND,ND,ND,ND,ND
Texas,Hunt County,86129,ND,ND,4.544,29.3,0.064,ND,ND,ND,ND,ND,ND
Texas,Jeff Davis County,2342,ND,ND,ND,ND,ND,ND,IN,IN,ND,ND,ND
Texas,Jefferson County,252273,1,ND,7.837,39.4,0.081,ND,IN,IN,1.935,18.2,81.3
Texas,Johnson County,150934,ND,ND,ND,ND,0.078,ND,ND,ND,ND,ND,ND
Texas,Kaufman County,103350,ND,ND,4.34,29.5,0.064,ND,IN,IN,0.543,2.7,15.4
Texas,Kleberg County,32061,ND,ND,ND,ND,ND,ND,IN,IN,ND,ND,ND
Texas,Lubbock County,278831,ND,ND,ND,ND,ND,ND,IN,IN,ND,ND,ND
Texas,McLennan County,234906,0,ND,2.76,27,0.066,ND,IN,IN,0.394,6,7.3
Texas,Marion County,10546,ND,ND,ND,ND,ND,ND,IN,IN,ND,ND,ND
Texas,Montgomery County,455746,ND,ND,4.955,34.3,0.077,ND,IN,IN,ND,ND,ND
Texas,Navarro County,47735,ND,ND,4.348,30.6,0.068,ND,ND,ND,1.092,7.1,34.8
Texas,Nueces County,340223,ND,ND,ND,ND,0.074,35,IN,IN,0.901,9.8,43.2
Texas,Orange County,81837,ND,ND,5.347,33.6,0.077,ND,IN,44,ND,ND,ND
Texas,Parker County,116927,ND,ND,IN,IN,0.07,ND,ND,ND,ND,ND,ND
Texas,Potter County,121073,ND,IN,ND,ND,ND,ND,IN,IN,ND,ND,ND
Texas,Rockwall County,78337,ND,ND,ND,ND,0.073,ND,ND,ND,ND,ND,ND
Texas,Smith County,209714,ND,ND,3.595,25.8,0.072,ND,ND,ND,ND,ND,ND
Texas,Tarrant County,1809034,1,ND,10.331,56.9,0.085,44,10.8,25,ND,ND,ND
Texas,Travis County,1024266,0,ND,3.314,21.1,0.074,34,10,19,ND,ND,ND
Texas,Victoria County,86793,ND,ND,ND,ND,0.068,ND,ND,ND,ND,ND,ND
Texas,Webb County,250304,1,IN,ND,ND,0.063,66,IN,IN,ND,ND,ND
Utah,Box Elder County,49975,ND,ND,ND,ND,0.07,ND,8.4,49,ND,ND,ND
Utah,Cache County,112656,ND,ND,12.555,IN,0.061,77,9.8,42,ND,ND,ND
Utah,Davis County,306479,ND,ND,13.072,IN,0.074,51,9,44,0.729,4.5,IN
Utah,Salt Lake County,1029655,2,ND,17.07,58,0.075,298,11,50,4.2,11.1,27
Utah,San Juan County,14746,ND,ND,ND,ND,0.068,ND,ND,ND,ND,ND,ND
Utah,Tooele County,58218,ND,ND,ND,ND,0.074,ND,6.7,32,ND,ND,ND
Utah,Uintah County,32588,ND,ND,3.781,30,0.117,ND,ND,ND,ND,ND,ND
Utah,Utah County,516564,2,ND,14.56,50,0.071,108,8.9,48,ND,ND,ND
Utah,Washington County,138115,ND,ND,IN,IN,0.072,ND,4,9,ND,ND,ND
Utah,Weber County,231236,2,ND,16.532,IN,0.073,197,9.2,42,ND,ND,ND
Vermont,Addison County,36821,ND,ND,ND,ND,ND,ND,IN,IN,ND,ND,ND
Vermont,Bennington County,37125,ND,ND,ND,ND,0.068,ND,6.9,22,ND,ND,ND
Vermont,Chittenden County,156545,1,ND,8.557,38.2,0.063,30,7.1,25,ND,ND,ND
Vermont,Rutland County,61642,1,ND,7.685,38.5,ND,31,9.5,32,2.44,9.2,21.4
Vermont,Washington County,59534,ND,ND,ND,ND,ND,ND,IN,IN,ND,ND,ND
Virginia,Albemarle County,98970,ND,ND,ND,ND,0.071,ND,9.4,20,ND,ND,ND
Virginia,Amherst County,32353,ND,IN,ND,ND,ND,ND,ND,ND,ND,ND,ND
Virginia,Arlington County,207627,2,ND,12.85,52,0.087,ND,IN,IN,ND,ND,ND
Virginia,Caroline County,28545,ND,ND,IN,IN,0.074,ND,ND,ND,ND,ND,ND
Virginia,Carroll County,30042,ND,ND,ND,ND,ND,25,ND,ND,ND,ND,ND
Virginia,Charles City County,7256,ND,ND,5.435,56,0.078,ND,9.4,21,1.917,9.3,44
Virginia,Chesterfield County,316236,ND,ND,ND,ND,0.081,ND,10.2,22,ND,ND,ND
Virginia,Culpeper County,46689,ND,ND,ND,ND,ND,30,ND,ND,ND,ND,ND
Virginia,Fairfax County,1081726,ND,0,ND,ND,0.089,ND,9.9,24,ND,ND,ND
Virginia,Fauquier County,65203,ND,ND,ND,ND,0.066,ND,ND,ND,ND,ND,ND
Virginia,Frederick County,78305,ND,ND,ND,ND,0.071,ND,10.8,25,ND,ND,ND
Virginia,Hanover County,99863,ND,ND,ND,ND,0.078,ND,ND,ND,ND,ND,ND
Virginia,Henrico County,306935,IN,0.01,11.146,45.6,0.079,33,10,22,IN,IN,IN
Virginia,King William County,15935,ND,ND,ND,ND,ND,31,ND,ND,ND,ND,ND
Virginia,Loudoun County,312311,ND,ND,7.58,44,0.078,ND,10.3,20,ND,ND,ND
Virginia,Madison County,13308,ND,ND,ND,ND,0.074,ND,IN,IN,ND,ND,ND
Virginia,Page County,24042,ND,ND,ND,ND,0.069,ND,10.2,24,ND,ND,ND
Virginia,Prince William County,402002,ND,ND,5.123,30,0.073,ND,ND,ND,ND,ND,ND
Virginia,Roanoke County,92376,ND,ND,7.586,41,0.073,ND,ND,ND,1.07,7,10
Virginia,Rockbridge County,22307,ND,ND,ND,ND,0.07,ND,ND,ND,ND,ND,ND
Virginia,Rockingham County,76314,ND,ND,10.432,44,0.068,ND,11.2,25,1.199,4.2,8
Virginia,Stafford County,128961,ND,ND,ND,ND,0.078,ND,ND,ND,ND,ND,ND
Virginia,Warren County,37575,ND,ND,ND,ND,ND,28,ND,ND,ND,ND,ND
Virginia,Wythe County,29235,ND,ND,ND,ND,0.069,ND,ND,ND,ND,ND,ND
Virginia,Alexandria city,139966,2,ND,15.651,57,0.081,35,11.3,24,2.112,9.6,17
Virginia,Bristol city,17835,ND,ND,ND,ND,ND,ND,10.8,21,ND,ND,ND
Virginia,Chesapeake city,222209,ND,ND,ND,ND,ND,ND,IN,IN,ND,ND,ND
Virginia,Fredericksburg city,24286,ND,ND,ND,ND,ND,40,ND,ND,ND,ND,ND
Virginia,Hampton city,137436,1,ND,IN,IN,0.078,IN,IN,IN,IN,IN,IN
Virginia,Hopewell city,22591,ND,0,ND,ND,ND,30,ND,ND,ND,ND,ND
Virginia,Lynchburg city,75568,ND,ND,ND,ND,ND,ND,9.7,20,ND,ND,ND
Virginia,Newport News city,180719,1,ND,IN,IN,ND,IN,IN,IN,IN,IN,IN
Virginia,Norfolk city,242803,ND,ND,ND,ND,ND,37,10.2,22,ND,ND,ND
Virginia,Richmond city,204214,2,ND,11.998,57,ND,ND,IN,IN,2.013,8.7,39
Virginia,Roanoke city,97032,1,0.11,ND,ND,ND,33,10.2,23,ND,ND,ND
Virginia,Salem city,24802,ND,ND,ND,ND,ND,ND,10.4,22,ND,ND,ND
Virginia,Suffolk city,84585,ND,ND,ND,ND,0.075,ND,ND,ND,ND,ND,ND
Virginia,Virginia Beach city,437994,2,0.01,ND,ND,ND,ND,9.9,24,2.128,8.3,41
Virginia,Winchester city,26203,ND,ND,ND,ND,ND,32,ND,ND,ND,ND,ND
Washington,Adams County,18728,ND,ND,ND,ND,ND,ND,IN,IN,ND,ND,ND
Washington,Asotin County,21623,ND,ND,ND,ND,ND,ND,IN,IN,ND,ND,ND
Washington,Benton County,175177,ND,ND,ND,ND,ND,50,IN,IN,ND,ND,ND
Washington,Chelan County,72453,ND,ND,ND,ND,ND,ND,IN,IN,ND,ND,ND
Washington,Clallam County,71404,IN,ND,ND,ND,0.054,ND,IN,IN,IN,IN,IN
Washington,Clark County,425363,ND,ND,ND,ND,0.054,ND,6.2,18,ND,ND,ND
Washington,Cowlitz County,102410,ND,ND,ND,ND,ND,ND,IN,IN,ND,ND,ND
Washington,Grant County,89120,ND,ND,ND,ND,ND,ND,IN,IN,ND,ND,ND
Washington,Grays Harbor County,72797,ND,ND,ND,ND,ND,ND,IN,IN,ND,ND,ND
Washington,Jefferson County,29872,ND,ND,ND,ND,ND,ND,IN,IN,ND,ND,ND
Washington,King County,1931249,1,ND,ND,ND,0.068,ND,IN,IN,1.136,8,24.5
Washington,Kitsap County,251133,ND,ND,ND,ND,ND,ND,IN,IN,ND,ND,ND
Washington,Kittitas County,40915,ND,ND,ND,ND,ND,ND,IN,IN,ND,ND,ND
Washington,Lewis County,75455,ND,ND,ND,ND,ND,ND,IN,IN,ND,ND,ND
Washington,Mason County,60699,ND,ND,ND,ND,ND,ND,IN,IN,ND,ND,ND
Washington,Okanogan County,41120,ND,ND,ND,ND,ND,ND,IN,IN,ND,ND,ND
Washington,Pierce County,795225,ND,ND,ND,ND,0.058,ND,7,21,ND,ND,ND
Washington,Skagit County,116901,ND,ND,6.687,28.6,0.086,ND,IN,IN,ND,ND,ND
Washington,Skamania County,11066,ND,ND,ND,ND,ND,ND,IN,IN,ND,ND,ND
Washington,Snohomish County,713335,ND,ND,ND,ND,ND,ND,7.1,24,ND,ND,ND
Washington,Spokane County,471221,2,ND,ND,ND,0.058,43,7.6,20,ND,ND,ND
Washington,Stevens County,43531,ND,ND,ND,ND,ND,121,IN,IN,ND,ND,ND
Washington,Thurston County,252264,ND,ND,ND,ND,0.054,ND,IN,IN,ND,ND,ND
Washington,Walla Walla County,58781,ND,ND,ND,ND,ND,84,IN,IN,ND,ND,ND
Washington,Whatcom County,201140,ND,ND,ND,ND,0.048,ND,IN,IN,ND,ND,ND
Washington,Whitman County,44776,ND,ND,ND,ND,ND,ND,IN,IN,ND,ND,ND
Washington,Yakima County,243231,ND,ND,ND,ND,ND,36,8.5,35,ND,ND,ND
West Virginia,Berkeley County,104169,ND,ND,ND,ND,0.073,ND,12.3,36,ND,ND,ND
West Virginia,Brooke County,24069,1,ND,ND,ND,ND,59,14.1,32,8.842,42,143
West Virginia,Cabell County,96319,ND,ND,ND,ND,0.068,ND,13.2,28,3.178,12.6,31
West Virginia,Greenbrier County,35480,ND,ND,ND,ND,0.069,ND,ND,ND,ND,ND,ND
West Virginia,Hancock County,30676,1,ND,ND,ND,0.076,49,12.6,31,5.78,35.6,85
West Virginia,Harrison County,69099,ND,ND,ND,ND,ND,ND,12,22,ND,ND,ND
West Virginia,Kanawha County,193063,ND,0,ND,ND,0.07,49,13,25,3.889,21,51
West Virginia,Marion County,56418,ND,ND,ND,ND,ND,ND,IN,IN,ND,ND,ND
West Virginia,Marshall County,33107,ND,ND,ND,ND,ND,ND,14.1,34,6.677,19.7,101
West Virginia,Mercer County,62264,ND,ND,ND,ND,ND,ND,IN,IN,ND,ND,ND
West Virginia,Monongalia County,96189,ND,0.01,ND,ND,0.077,ND,11.3,24,3.169,11.8,24
West Virginia,Ohio County,44443,ND,0.01,ND,ND,0.076,ND,12.9,28,ND,ND,ND
West Virginia,Raleigh County,78859,ND,ND,ND,ND,ND,ND,10.3,21,ND,ND,ND
West Virginia,Summers County,13927,ND,ND,ND,ND,ND,ND,IN,IN,ND,ND,ND
West Virginia,Wood County,86956,ND,ND,ND,ND,0.073,ND,13.4,28,6.299,22,84
Wisconsin,Ashland County,16157,ND,ND,ND,ND,0.059,ND,5.3,17,ND,ND,ND
Wisconsin,Brown County,248007,ND,ND,ND,ND,0.065,ND,10.2,36,2.273,15.7,69
Wisconsin,Columbia County,56833,ND,ND,ND,ND,0.063,ND,ND,ND,ND,ND,ND
Wisconsin,Dane County,488073,ND,ND,ND,ND,0.061,39,10.1,30,ND,ND,ND
Wisconsin,Dodge County,88759,0,ND,ND,ND,0.064,48,9.5,30,0.747,3.3,IN
Wisconsin,Door County,27785,ND,ND,ND,ND,0.077,ND,IN,IN,ND,ND,ND
Wisconsin,Douglas County,44159,ND,ND,ND,ND,ND,ND,IN,IN,ND,ND,ND
Wisconsin,Eau Claire County,98736,ND,ND,ND,ND,ND,ND,IN,IN,ND,ND,ND
Wisconsin,Florence County,4423,ND,ND,ND,ND,0.06,ND,ND,ND,ND,ND,ND
Wisconsin,Fond du Lac County,101633,ND,ND,ND,ND,0.062,ND,ND,ND,ND,ND,ND
Wisconsin,Forest County,9304,ND,ND,IN,IN,0.063,IN,6.5,22,1.854,5,8
Wisconsin,Grant County,51208,ND,ND,ND,ND,ND,ND,10.3,30,ND,ND,ND
Wisconsin,Jefferson County,83686,ND,ND,ND,ND,0.066,ND,IN,IN,ND,ND,ND
Wisconsin,Kenosha County,166426,ND,ND,ND,ND,0.081,ND,10,23,ND,ND,ND
Wisconsin,Kewaunee County,20574,ND,ND,ND,ND,0.078,ND,ND,ND,ND,ND,ND
Wisconsin,La Crosse County,114638,ND,ND,ND,ND,0.062,ND,9.7,29,ND,ND,ND
Wisconsin,Manitowoc County,81442,ND,ND,IN,IN,0.077,ND,9.2,30,ND,ND,ND
Wisconsin,Marathon County,134063,ND,ND,ND,ND,0.06,ND,ND,ND,ND,ND,ND
Wisconsin,Milwaukee County,947735,ND,ND,12.898,53,0.082,54,11,33,IN,IN,IN
Wisconsin,Oneida County,35998,ND,ND,ND,ND,0.06,ND,ND,ND,5.171,69.8,162
Wisconsin,Outagamie County,176695,ND,ND,ND,ND,0.062,ND,9.7,37,ND,ND,ND
Wisconsin,Ozaukee County,86395,ND,ND,ND,ND,0.078,ND,9.3,28,ND,ND,ND
Wisconsin,Racine County,195408,ND,ND,ND,ND,0.078,ND,ND,ND,ND,ND,ND
Wisconsin,Rock County,160331,ND,ND,ND,ND,0.066,ND,IN,IN,ND,ND,ND
Wisconsin,St. Croix County,84345,ND,ND,ND,ND,0.065,ND,9.2,27,ND,ND,ND
Wisconsin,Sauk County,61976,ND,ND,ND,ND,0.06,ND,8.3,25,ND,ND,ND
Wisconsin,Sheboygan County,115507,ND,0.15,ND,ND,0.085,ND,ND,ND,ND,ND,ND
Wisconsin,Taylor County,20689,ND,ND,ND,ND,ND,ND,8,33,ND,ND,ND
Wisconsin,Vernon County,29773,ND,ND,ND,ND,0.063,ND,ND,ND,ND,ND,ND
Wisconsin,Vilas County,21430,ND,ND,ND,ND,0.061,ND,5.7,21,ND,ND,ND
Wisconsin,Walworth County,102228,ND,ND,ND,ND,0.065,ND,ND,ND,ND,ND,ND
Wisconsin,Washington County,131887,ND,ND,ND,ND,0.064,ND,ND,ND,ND,ND,ND
Wisconsin,Waukesha County,389891,ND,ND,ND,ND,0.062,50,11.4,36,ND,ND,ND
Wisconsin,Waupaca County,52410,ND,ND,ND,ND,ND,ND,IN,IN,ND,ND,ND
Wisconsin,Winnebago County,166994,ND,ND,ND,ND,ND,ND,IN,IN,ND,ND,ND
Wisconsin,Wood County,74749,ND,ND,ND,ND,ND,ND,IN,IN,ND,ND,ND
Wyoming,Albany County,36299,ND,ND,ND,ND,ND,116,4.8,14,ND,ND,ND
Wyoming,Campbell County,46133,ND,ND,6.674,34,0.063,135,IN,IN,1.603,19.4,52
Wyoming,Carbon County,15885,ND,ND,1.382,8,0.065,IN,ND,ND,ND,ND,ND
Wyoming,Converse County,13833,ND,ND,IN,IN,ND,108,IN,IN,ND,ND,ND
Wyoming,Crook County,7083,ND,ND,ND,ND,0.058,ND,ND,ND,ND,ND,ND
Wyoming,Fremont County,40123,ND,ND,0.911,IN,0.068,56,9.3,32,ND,ND,ND
Wyoming,Laramie County,91738,ND,ND,ND,ND,ND,40,4.2,9,ND,ND,ND
Wyoming,Lincoln County,18106,ND,ND,ND,ND,ND,91,ND,ND,ND,ND,ND
Wyoming,Natrona County,75450,ND,ND,ND,ND,ND,32,4.6,12,ND,ND,ND
Wyoming,Park County,28205,ND,ND,ND,ND,ND,27,4.5,11,ND,ND,ND
Wyoming,Platte County,8667,ND,ND,ND,ND,ND,56,ND,ND,ND,ND,ND
Wyoming,Sheridan County,29116,ND,ND,ND,ND,ND,61,8.7,27,ND,ND,ND
Wyoming,Sublette County,10247,ND,ND,2.843,39,0.067,40,6,15,ND,ND,ND
Wyoming,Sweetwater County,43806,ND,ND,4.845,40,0.067,139,IN,IN,IN,IN,IN
Wyoming,Teton County,21294,1,ND,ND,ND,0.066,45,4.3,9,ND,ND,ND
Wyoming,Uinta County,21118,ND,ND,1.46,15,0.065,103,ND,ND,ND,ND,ND
Wyoming,Weston County,7208,ND,ND,ND,ND,ND,ND,ND,ND,0.383,5.5,18
Puerto Rico,Adjuntas Municipio,19483,ND,ND,ND,ND,ND,ND,IN,IN,ND,ND,ND
Puerto Rico,Arecibo Municipio,96440,ND,0.25,ND,ND,ND,ND,ND,ND,ND,ND,ND
Puerto Rico,Bayamón Municipio,208116,4,ND,ND,ND,ND,ND,IN,IN,0.896,4.4,20
Puerto Rico,Cataño Municipio,28140,ND,ND,ND,ND,0.043,145,ND,ND,1.985,11.4,70
Puerto Rico,Fajardo Municipio,36993,ND,ND,ND,ND,ND,121,IN,IN,ND,ND,ND
Puerto Rico,Guayama Municipio,45362,ND,ND,ND,ND,ND,120,IN,IN,0.682,5.1,52
Puerto Rico,Guayanilla Municipio,21581,ND,ND,ND,ND,ND,ND,IN,IN,3.344,8,IN
Puerto Rico,Guaynabo Municipio,97924,ND,ND,ND,ND,ND,143,IN,IN,ND,ND,ND
Puerto Rico,Humacao Municipio,58466,ND,ND,ND,ND,ND,ND,IN,IN,ND,ND,ND
Puerto Rico,Juncos Municipio,40290,ND,ND,ND,ND,0.035,ND,ND,ND,IN,IN,IN
Puerto Rico,Lares Municipio,30753,ND,ND,ND,ND,ND,ND,IN,IN,ND,ND,ND
Puerto Rico,Mayagüez Municipio,89080,ND,ND,ND,ND,ND,ND,IN,IN,ND,ND,ND
Puerto Rico,Ponce Municipio,166327,ND,ND,ND,ND,ND,88,IN,IN,ND,ND,ND
Puerto Rico,Salinas Municipio,31078,ND,ND,ND,ND,ND,ND,ND,ND,IN,IN,IN
Puerto Rico,San Juan Municipio,395326,2,ND,ND,ND,ND,ND,IN,IN,ND,ND,ND
,,,,,,,,,,,,,
,,,,,,,,,,,,,
CO  -  Highest second maximum non-overlapping 8-hour concentration (applicable NAAQS is 9 ppm),,,,,,,,,,,,,
Pb  -  Maximum running 3 month average (applicable NAAQS is .15 µg/m3),,,,,,,,,,,,,
NO2  -  Highest arithmetic mean concentration (applicable NAAQS is 53 ppb),,,,,,,,,,,,,
       -  Highest 98th percentile 1-hour daily maximum concentration (applicable NAAQS is 100 ppb),,,,,,,,,,,,,
O3 (8-hour)  -  Highest fourth daily maximum 8-hour concentration (applicable NAAQS is 0.075 ppm),,,,,,,,,,,,,
PM10  -  Highest second maximum 24-hour concentration (applicable NAAQS is 150 µg/m3),,,,,,,,,,,,,
PM2.5  -  Highest weighted annual mean concentration (applicable NAAQS is 15 µg/m3),,,,,,,,,,,,,
       -  Highest 98th percentile 24-hour concentration (applicable NAAQS is 35 µg/m3),,,,,,,,,,,,,
SO2  -  Highest annual mean concentration (applicable NAAQS is 30 ppb),,,,,,,,,,,,,
     -  Highest second maaximum 24-hour concentration (applicable NAAQS is 140 ppb),,,,,,,,,,,,,
       -  Highest 99th percentile 1-hour daily maximum concentration (applicable NAAQS is 75 ppb),,,,,,,,,,,,,
ND  -  Indicates data not available,,,,,,,,,,,,,
IN  -  Indicates insufficient data to calculate summary statistic,,,,,,,,,,,,,
Wtd  -  Weighted,,,,,,,,,,,,,
AM  -  Annual mean,,,,,,,,,,,,,
Qmax  -  Quarterly maximum,,,,,,,,,,,,,
µg/m3  -  Units are micrograms per cubic meter,,,,,,,,,,,,,
ppm  -  Units are parts per million,,,,,,,,,,,,,
ppb  -  Units are parts per billion,,,,,,,,,,,,,
"Notes:  Data from exceptional events are not included.  The reader is cautioned that this summary is not adequate in itself to numerically rank MSAs according to their air quality.  The monitoring data represent the quality of air in the vicinity of the monitoring site and, for some pollutants, may not necessarily represent urban-wide air quality.",,,,,,,,,,,,,